-- phpMyAdmin SQL Dump
-- version 5.0.4
-- https://www.phpmyadmin.net/
--
-- Host: 127.0.0.1
-- Creato il: Feb 05, 2021 alle 22:00
-- Versione del server: 10.4.14-MariaDB
-- Versione PHP: 7.2.34

SET SQL_MODE = "NO_AUTO_VALUE_ON_ZERO";
START TRANSACTION;
SET time_zone = "+00:00";


/*!40101 SET @OLD_CHARACTER_SET_CLIENT=@@CHARACTER_SET_CLIENT */;
/*!40101 SET @OLD_CHARACTER_SET_RESULTS=@@CHARACTER_SET_RESULTS */;
/*!40101 SET @OLD_COLLATION_CONNECTION=@@COLLATION_CONNECTION */;
/*!40101 SET NAMES utf8mb4 */;

--
-- Database: `ecommerce`
--

-- --------------------------------------------------------

--
-- Struttura della tabella `cart`
--

CREATE TABLE `cart` (
  `id` int(11) NOT NULL,
  `user_id` int(11) NOT NULL,
  `prod_id` int(11) NOT NULL,
  `cart_quantity` int(11) NOT NULL
) ENGINE=InnoDB DEFAULT CHARSET=utf8mb4;

--
-- Dump dei dati per la tabella `cart`
--

INSERT INTO `cart` (`id`, `user_id`, `prod_id`, `cart_quantity`) VALUES
(148, 6, 98, 1),
(151, 6, 33, 2),
(152, 6, 89, 2),
(153, 6, 96, 1),
(154, 6, 87, 5),
(155, 6, 84, 2),
(156, 6, 27, 8);

-- --------------------------------------------------------

--
-- Struttura della tabella `categories`
--

CREATE TABLE `categories` (
  `id` int(11) NOT NULL,
  `category` varchar(30) NOT NULL
) ENGINE=InnoDB DEFAULT CHARSET=utf8mb4;

--
-- Dump dei dati per la tabella `categories`
--

INSERT INTO `categories` (`id`, `category`) VALUES
(1, 'computer'),
(2, 'home'),
(3, 'tools'),
(4, 'sport'),
(5, 'women'),
(6, 'men');

-- --------------------------------------------------------

--
-- Struttura della tabella `orders`
--

CREATE TABLE `orders` (
  `id` int(11) NOT NULL,
  `date` timestamp NOT NULL DEFAULT current_timestamp() ON UPDATE current_timestamp(),
  `user_id` int(11) NOT NULL,
  `price` float NOT NULL
) ENGINE=InnoDB DEFAULT CHARSET=utf8mb4;

--
-- Dump dei dati per la tabella `orders`
--

INSERT INTO `orders` (`id`, `date`, `user_id`, `price`) VALUES
(1, '2021-02-02 17:52:47', 6, 125.41),
(2, '2021-02-02 17:54:08', 6, 65.99),
(3, '2021-02-03 08:55:50', 6, 29.51),
(4, '2021-02-03 16:07:10', 6, 46.24),
(5, '2021-02-03 16:17:10', 6, 1.58),
(6, '2021-02-04 13:36:19', 6, 74.9),
(7, '2021-02-04 13:36:55', 6, 74.9),
(8, '2021-02-04 13:39:15', 6, 74.9),
(9, '2021-02-04 13:39:38', 6, 74.9),
(10, '2021-02-04 13:41:03', 6, 10.59),
(11, '2021-02-04 13:41:09', 6, 0),
(12, '2021-02-04 13:42:39', 6, 10.59),
(13, '2021-02-04 13:43:49', 6, 44.66),
(14, '2021-02-04 13:44:00', 6, 44.66),
(15, '2021-02-04 14:00:38', 6, 42.31),
(16, '2021-02-05 10:25:18', 6, 10.06),
(17, '2021-02-05 12:00:37', 11, 47.02),
(18, '2021-02-05 18:53:18', 11, 29.16);

-- --------------------------------------------------------

--
-- Struttura della tabella `orders_product`
--

CREATE TABLE `orders_product` (
  `id` int(11) NOT NULL,
  `order_id` int(11) NOT NULL,
  `prod_id` int(11) NOT NULL,
  `price` float NOT NULL,
  `quantity` int(11) NOT NULL
) ENGINE=InnoDB DEFAULT CHARSET=utf8mb4;

--
-- Dump dei dati per la tabella `orders_product`
--

INSERT INTO `orders_product` (`id`, `order_id`, `prod_id`, `price`, `quantity`) VALUES
(0, 1, 7, 27.45, 1),
(0, 1, 8, 42.31, 2),
(0, 1, 11, 55.65, 4),
(0, 2, 19, 65.99, 2),
(0, 3, 163, 2.88, 1),
(0, 3, 144, 26.63, 1),
(0, 4, 1, 44.66, 4),
(0, 4, 28, 1.58, 1),
(0, 5, 28, 1.58, 1),
(0, 6, 22, 74.9, 1),
(0, 8, 22, 74.9, 1),
(0, 9, 22, 74.9, 1),
(0, 10, 99, 10.59, 1),
(0, 12, 99, 10.59, 1),
(0, 13, 1, 44.66, 1),
(0, 14, 1, 44.66, 1),
(0, 15, 8, 42.31, 2),
(0, 16, 111, 10.06, 1),
(0, 17, 80, 47.02, 4),
(0, 18, 9, 12.16, 3),
(0, 18, 127, 7.49, 2),
(0, 18, 126, 9.51, 1);

-- --------------------------------------------------------

--
-- Struttura della tabella `products`
--

CREATE TABLE `products` (
  `id` int(11) NOT NULL,
  `name` text NOT NULL,
  `description` text NOT NULL,
  `category` int(11) NOT NULL,
  `quantity` int(11) NOT NULL DEFAULT 1,
  `price` float NOT NULL,
  `rating` float NOT NULL,
  `seller_id` int(11) NOT NULL
) ENGINE=InnoDB DEFAULT CHARSET=utf8mb4;

--
-- Dump dei dati per la tabella `products`
--

INSERT INTO `products` (`id`, `name`, `description`, `category`, `quantity`, `price`, `rating`, `seller_id`) VALUES
(1, 'Kaiser Dichtfolie 9060-41 Please Note: German Product but we Supply a UK Adapter if Necessary', 'Kaiser 9060-41. ', 1, 8, 44.66, 0, 8),
(2, 'LINDY 10m Fibre Optic Cable - SC to SC, 50/125µm OM2', 'Our economical patch cables are recommended for connections between fibre patch panels hubs switches media converters and routers etc. Fibre optic cables provide higher speeds and increased bandwidth compared to conventional twisted-pair copper cable. Ceramic connectors ensure low signal loss and high reliability. 2 x SC Fibre Optic Male to 2 x SC Fibre Optic Male Compatible with all standard fibre optic equipment and connectors Full duplex 50/125 MicroMeters type fibre Zip twin LS0H Multimode cable Ceramic connectors ensure low signal loss and high reliability Total immunity to electrical and electromagnetic interference (EMI) Insertion Loss: &lt;0.3dB RoHS Compliant 10 year warranty ', 1, 3, 8.59, 0, 3),
(3, 'Rapesco PF800AL1 Hole Punch - 835, 40 Sheet Capacity (Blue)', '', 1, 2, 35.08, 0, 8),
(4, 'Roline 21151337 1 m S/FTP Cat 6 Ethernet Network LAN Cable with RJ45 Connector - Orange', '', 1, 0, 25.75, 0, 2),
(5, 'GECKO Covers - Samsung Galaxy Tab S2 9.7 Slimfit Cover - Multifunctional Tablet Cover PU Leather/Multi Angle Folio/Cover/Stand Case - Black', 'This Gecko slimfit cover, suitable for the Samsung Galaxy Tab S2 (9.7), is a stylish and multifunctional protection case. The exterior is made of high quality faux leather and the interior is finished with velours. The tablet can be clicked into the cover which offers optimal protection. The cover has the necessary openings so that the various inputs of the Samsung Galaxy Tab S2 (9.7) are easy to reach. You can, for example, use the camera of the Galaxy Tab when it is confirmed in the case. ', 1, 0, 23.55, 0, 5),
(6, 'LENOVO ThinkCentre Tiny IV 1L Dust Shield', 'The ThinkCentre Tiny IV dust shield prevents dust from entering your ThinkCentre systems in tiny-format, keeping the interior of your PC dust-free. ', 1, 7, 32.79, 0, 2),
(7, 'Velleman Wire Winding ø0.8&nbsp;mm 22&nbsp;m&nbsp;–&nbsp;0.75&nbsp;OHM', 'Wire diameter: 0.8 mm. Cable length: 22 m. Spool dimensions (mm): A: 65 B: 35 Weight: 100g. Resistor/coil: 0.75 ohm. ', 1, 6, 27.45, 0, 1),
(8, 'Exponent World Wall Mounted Monitor Arm - Black /stationary', 'SUPPORTO MONITOR ', 1, 2, 42.31, 0, 5),
(9, 'Ewent, Cat 5e Patch U/UTP Network Cable, AWG 26/7, 2&nbsp;RJ45&nbsp;Connectors Orange', '', 1, 9, 12.16, 0, 7),
(10, 'HP Q8691A 10 x 15 cm Advanced Glossy Photo Paper, Borderless, 250 GSM,White, 25 Sheets', '', 1, 7, 9.41, 0, 4),
(11, 'HERMA Self Adhesive Coloured Labels, 4 Labels Per A4 Sheet, 400 Labels for Printers, Blue, 105 x 148 mm (4398)', '', 1, 7, 55.65, 0, 9),
(12, 'Premium Cord Adapter Mini DisplayPort - HDMI + DVI + DisplayPort', 'Mini DisplayPort Adapter - HDMI + DVI + DisplayPort Male / Female - With this adapter you can connect a new generation of MacBook, MacBook Pro or MacBook Air notebooks that have a Mini DisplayPort output with LCD or TV. - Maximum resolution to HDMI / DVI ports: max. 1080p - Maximum resolution on DisplayPort connector: max. 2560 x 1600 - Input Connector: Mini DisplayPort Male - Three Output Connectors: HDMI + DVI + DisplayPort (Female) - Standard: DisplayPort 1.1a - Bandwidth: 2.25Gbps / 225MHz per channel (total 6.75Gbps) - Power supply via Mini DisplayPort Bus, Power consumption: 700mW - No software required - Cable length 15cm - Color: White ', 1, 2, 45.66, 0, 8),
(13, 'Hama Audio/Video Cable, SCART Plug', '- Enables the transmission of audio and video signals e.g. between a DVD player or satellite receiver and a television- Flexible material to give the cable anti-pliage protection and to prevent breakage- Universal Connect up via in/out switch (Input/Output)- High quality materials and shielded data lines for high quality video and audio without interferenceGold-plated contacts with minimal contact, preventing oxidation and increasing the stability of the signal- Impedance of 75&nbsp;Ohms for optimum transmission quality- Colour coding on the inside of the connector for quick connection- Allows you to connect a device with a scart connector to a device with RCA connector ', 1, 7, 32.86, 0, 9),
(14, 'Crucial 4GB kit (2GBx2), 260-pin SODIMM, DDR4 PC4-19200,', '', 1, 6, 26.82, 0, 4),
(15, 'Goobay 69269 CAT 6 Patch Cable S/FTP (PiMF) Blue - LSZH Halogen-Free CU', 'LSZH halogen-free CU ', 1, 3, 5.22, 0, 5),
(16, 'Valueline vltp90200i50&nbsp;Telecom to Rj11&nbsp;Male to RJ11&nbsp;Male Connector Cable 5&nbsp;m Ivory', 'Telecom Cable RJ11 (6P4C) Female - RJ11 (6P4C) Female Flat 5.00 m Ivory - This cable is suitable fo,This cable is suitable for connecting your telephone unit to the telephone connection of the wall box. - ', 1, 9, 24.67, 0, 7),
(17, 'Amzer 7.75-Inch Designer Neoprene Sleeve Case Cover Pouch for Tablet, eBook and Netbook - Purple Lotus (AMZ5054077)', 'Meet the Amzer Neoprene Sleeve. Durable enough to protect your tablet upto 7.75\" yet stylish enough to take everywhere you go. The high grade and highly durable neoprene is water resistant and offers advanced protection from bumps, scratches and dust. And the smooth, non scratch interior lining offers enhanced screen protection while your device is tucked away. Ideal for any tablet or e book up to 8 inches, this no bulk case easily slides into your bag, briefcase or backpack. perfect for those of you on the go. ', 1, 9, 18.62, 0, 9),
(18, 'Inline Speaker Cable CCA 2X 2.5 mm 100 m Transparent', 'InLine Speaker Cable CCA 2x 2.5 mm² 100 m Transparent ', 1, 8, 34.52, 0, 7),
(19, 'CAT 6, Class E High Denisity Patch Panel, shielded, grey', 'The DIGITUS 24-port 0.5U Patch Panel offers a high density. As the panel is only 0.5U in height, it allows to present 48 ports on 1U (2 panels with 24 ports each) which can be installed. ', 1, 3, 65.99, 0, 7),
(20, 'Case Logic Huxton13.3 Laptop Attache (HUXA-113BLU)', '', 1, 0, 41.13, 0, 7),
(21, 'NANOCABLE - Cable SATA Datos+Alim, SATA 22P/H-7P/H+MOLEX 4PIN/M, 0.5 M+0.2 M', 'Conector SATA 22p (conector sata datos + conector sata alimentación) en un extremo y un conector sata datos hembra, un conector molex 4 pin macho en otro. Longitud: cable sata dato 0.5 metros + cable molex 4 pin 0.2 metros. Color: rojo con conectores negros. Test de funcionamiento: 100% testado. ', 1, 0, 1.12, 0, 8),
(22, 'Glorious Model D, Matte Black (GD-Black)', '', 1, 2, 74.9, 0, 2),
(23, 'NANOCABLE 10.20.1615-oem&nbsp;–&nbsp;Ethernet Network Cable RJ45&nbsp;LSZH CAT. 5e UTP AWG24, alogenos Free, Grey, Hose 15&nbsp;MTS', 'nanocable LSZH RJ45&nbsp;network patch cable CAT.5e UTP AWG24&nbsp;15&nbsp;m OEM 10.20.1615-oem ', 1, 5, 29.58, 0, 7),
(24, 'BatteryMole Patented Monitor &amp; Tester (12V Receptacle)', 'Dont get stranded. Your car should be smart enough to tell you when its time to replace the battery. Last year over 60 million automobile batteries were replaced in North America. Your battery could be among this years 60 million but your car doesnt know it. The BatteryMole’s patented and patent pending technology analyzes your vehicles battery and starting system like no other product. Simply plug this unit into your 12V receptacle, ignore any alarm messages for the first day and then drive worry free. When a problem is detected the BatteryMole will beep and flash a warning message on its LCD display. When that occurs, and it likely will, it is time to bring your vehicle in for service. The User Manual carefully describes those steps that should be taken for each message. And on a positive note, your battery might be just fine but your fuel filter is dirty. The BatteryMole is designed to work in all cars, both old and new. Engine start operations are monitored only when the engine has been off for a minimum of four hours. This new information can be seen by pressing the display button. The battery’s state of charge is calculated once the battery has been at rest for four hours. (Please note that this calculation can be intermittent or inaccurate on a few car models. In particular, Mini Coopers as well as some Toyota and Volvo models. Please contact us if you think you have this issue. We can help). Also a single start time and, where possible, a single start voltage is not meaningful. The BatteryMole performs a comparative analysis of previous start operations at approximately the same temperature in order to ascertain the health of the battery. This type of analysis is indeed meaningful. Not even a $285,000 Bentley is capable of telling the driver that it is time to replace the battery,... perhaps someday this will change. ', 1, 8, 59.95, 0, 5),
(25, 'Digitus CAT 6&nbsp;A Patch Cable U/UTP Cu LSZH AWG 26/7&nbsp;LÃ ¤ nge 0.5&nbsp;m Grey', 'The DIGITUS Category 6A Class EA patch cables are manufactured and tested to the ISO/IEC 11801 andDIN EN 50173 Category 6A specifications. DIGITUS patch cables will guarantee the installed cabling system is compliant with the ISO &amp; EN channel specification requirements and will provide optimum performance levels of DIGITUS Category 6A cabling. The patch cables have a new reworked plug with bend and latch protection, which prevents the snagging of the cable and also protects the latching lever against breaking. You can easily identify the Category 6A, because of the new yellow colored connector. Patch cables can be wide-ranging. Therefore we prepared a complete overview of our range, which guides you to the cable you require. One E-Mail or one call will be enough and we will send you the latest version as a PDF file.You can also download the Patch Cable Matrix directly from our webshop (found in the news section). Weight &amp; dimensions -Outer diameter: 5 mm Operational conditions -Operating temperature (T-T): -20 - 60 C Technical details -Category: 6 -Cables included: LAN (RJ-45) Packaging data -Package type: Polybag -Quantity per pack: 1 Features -Cable length: 0.5 m -Cable standard: Cat6a -Cable shielding: U/UTP (UTP) -Connector 1: RJ-45 -Connector 2: RJ-45 -Connector gender: Male/Male -Cable colour: Grey -Connector contacts plating: Copper -Cable class: Ea -Cabling technology: 10/100/1000Base-T(X) -AWG wire size: 26/7 -Jacket material: Low smoke zero halogen (LSZH) -Connector shield material: Cupronickel -Input impedance: 230 -Certification: IEC 60332-1, IEC 61034, ISO/IEC 11801, DIN EN 50173 ', 1, 1, 31.19, 0, 9),
(26, 'Microsoft Mouse, Ergonomic, Black', 'Comfortable mouse for working all day. Reduces the risk of fatigue and injury due to continuous use. Wired for fast and reliable performance on a variety of surfaces. Ergonomic but with modern design and small size. ', 1, 8, 63.78, 0, 8),
(27, 'In Win 303&nbsp;°C White for PC Casing', 'In Win InWin 303C Midi Tower Case White Window 303C WHITE Components Computer Cases ', 1, 9, 342.01, 0, 3),
(28, 'LaCie USB 3.0 Drive External Hard Drive USB 3.0, 1TB', '', 1, 5, 1.58, 0, 5),
(29, 'MEDIARANGE 35-4 Box', '', 1, 2, 20.72, 0, 8),
(30, 'MicroConnect CAT6 UTP 5m LSZH 5m Beige Networking Cable - Networking c', 'UTP CAT6 5M BROWN LSZH ', 1, 8, 9.71, 4, 4),
(31, 'Tecline 71620R Category 5E Copper Patch Cable 0.5 m Red', '', 1, 9, 13.36, 0, 8),
(32, 'HAMA TAPPETINO MOUSE GEL ERGONOMIC MINI NERO', 'Hama \"Ergonomic\" Mouse Pad, mini, black ', 1, 7, 11.03, 0, 1),
(33, 'BIGtec Network Cable Gigabit Ethernet 2&nbsp;x RJ45, Cat. 5e, Twisted Pair UTP, 1000&nbsp;Mbit/s, Ideal for Switches DSL Connections Patch Panels Routers, Modems, WAP) 10 m Black', '', 1, 5, 14.09, 0, 6),
(34, 'U-Bop Midscape Cover for Apple iPad Mini with Retina Display - Black', 'DESIGNED TO PROTECT AND CRADLE THE Apple iPad Mini 2 Retina LIKE A CHAMP We have designed this case with a built in hand strap. The construction of the case means it is able to withstand the rigors of back and forth trips to work in your bag or briefcase, numerous sessions of starting and stopping use of the iPad Mini 2 Retina tablet are no problem, and, dropping your tablet on its on its side occasionally will no longer case your a headache. The case is designed to protect and cradle the ipad mini Retina like a champ. The outer finish of the Midscape case feels good in your hands and compliments the Apple iPad Mini 2 Retina tablet experience. The outer cover is a leather which feels good and you can get it in a variety of 4 different colours. The standard black colour is very popular as are the different red, blue or purple colours available. Please note this holder only fits the Apple iPad Mini 2 Retina tablet and does not fit any other tablet or e-Ink reader as the dimensions are different. A the time of writing this description, the price of this cover in black is GBP24.95. Whichever colour you choose - you want to protect your investment, with a rugged and reliable case. ', 1, 6, 11.67, 0, 8),
(35, 'Origin Storage Security Filter 2-Way Plug-in (15.0in) 4:3', 'A security filter from origin storage helps provide protection against shoulder surfers and visual hackers viewing your confidential and sensitive information on your computer screen. With a security filter from origin the intended users view of the screen remains crystal clear whilst people viewing the screen from the sides see only a dark screen, almost as if the screen is turned off, preventing them seeing your information. Designed to be easy to fit the origin storage security filter is quick and simple to attach to your screen. With the plug-in version fitted you can remove and reattach just as easily for those times when you need to share your screen with other people. If its something permanent that you need then opt for our fully adhesive variant. ', 1, 4, 62.34, 0, 8),
(36, 'Luxburg 14&nbsp;\"INCH Laptop Bag CASE for Laptop/Tablet&nbsp;–&nbsp;Flowers &amp; Stars', 'Ektor is glad to present a brand new high quality product: This bag allows you to keep our computer Portalbe safely and protect it from dirt, scratches, splashes and bumps. Also will give you an original design that gets noticed. Made of high quality durable neoprene, zip closure, the case can also be washed and dried.Available in different sizes and styles.* Shipped in 24 hours after payment has been received.Photos for illustration purposes only. ', 1, 3, 30.56, 0, 7),
(37, 'Diabloskinz Vinyl Adhesive Skin Decal Sticker for 2nd Generation Apple iPad - Naruto Sasuke', 'Diabloskinz - Covers and protects your device from minor scratches and abuse. Made of high quality bubble free adhesive vinyl technology for easy and repositionable application. These skins are made to order right here in the UK. They are not Gel/Silicone cases or covers ', 1, 2, 32.3, 0, 5),
(38, 'Connectland RJ45 Straight S/FTP Cat7 10/100/1000/10000 Mbits 0.5m 0.5m', 'Straight double-shielded cable for Cat7 installations, suitable for 10/100/1000/10000 Mbps network configurations. ', 1, 6, 36.37, 0, 7),
(39, 'Akyga AK-CA-45 Slimline SATA (w) / SATA (w) / Molex Plug Adapter Power Cable', 'The high quality adapter is equipped with a SATA and MOLEX interface. It can be used as an accessory for PC cases for the purpose of connecting devices to a SATA SlimLine interface, such as CD/DVD drives. In Decktop computers drives 5.25\" are mounted predominantly in bays. The PC cases that are adapted to the SLIM design are currently gaining interest, according to these cases that are applied to laptops. The adapter Slimline AK-CA-45 allows for easy connection. ', 1, 4, 38.58, 0, 8),
(40, 'Omnihil AC/DC Adapter Compatible with CalDigit AV Pro 2 Power Supply', 'Adapter Rating: World Wide 100V ~ 240V 50/60Hz / High Quality PSU/Transformer / All Products are tested to exceed/meet standard specification /OVP, OCP, SCP Protection (OVP: Over Voltage output Protection. OCP: Over Current output Protection. SCP: Short Circuit output Protection) / FREE SHIPPING BOTH WAYS / 2 YEAR FREE REPLACEMENT WARRANTY ', 1, 0, 20.96, 0, 1),
(41, 'EFB-Elektronik 5&nbsp;m CAT6&nbsp;S/FTP 5&nbsp;M CAT6&nbsp;S/FTP (S-STP) Network Cable&nbsp;–&nbsp;RJ-45&nbsp;Network Cable (5&nbsp;m, Cat6, RJ45, Orange, S/FTP (S-STP), Male/Male)', '', 1, 0, 32.79, 5, 7),
(42, 'MicroScreen MSC33202&nbsp;15.4&nbsp;Ccfl WSXGA HD Matte Finish Laptop Screen', 'LP154WE2 (TL)(B2) ', 1, 9, 47.19, 0, 7),
(43, 'Philips M.2 Ultra Speed 480GB SSD 2.5 Inch SATA III', 'Philips internal SSD drives speed up your computers performance, resulting in shorter boot times, faster application loading times and better system response. ', 1, 9, 36.59, 0, 5),
(44, 'Corsair Hydro X Series XG7 RGB 20-Series GPU Water Block - Black', '', 1, 8, 122.99, 0, 9),
(45, 'Telegrtner Patch Cable Cat. 7 F-STP LSZH 1 m Yellow', 'Telegartner MP8 FS 600 - patch cable - RJ-45 (M) ', 1, 4, 25.28, 0, 7),
(46, 'EFB-Elektronik USB3.0 Connection Cable A-A Male to Male 1.0 m Black', '', 1, 2, 22.79, 0, 3),
(47, 'Gembird Sata II Data Cable with 90 Degree Bent Connector 0.5m/ Bulk Package (cc-sata-data90)', '', 1, 2, 40.37, 0, 9),
(48, 'EXC 854352 Cat6A F/UTP Network Cable - Pink', '<h3>Product Description</h3> This network cable features cable connector end 1: 1-RJ-45 male, cable connector end 2: 1-RJ-45 male, connector type: Cat.6A F/UTP. Available in pink colour with 3 meter length.  <h3>Set Contains:</h3> 1 x Network Cable ', 1, 9, 19.4, 0, 4),
(49, 'Notebook Carrying case - 15.6\" - for ThinkPad P1 (2nd Gen); P43; P53; T49X; X1 Carbon (7th Gen); X1 Extreme (2nd Gen)', 'The Professional line of carrying cases offers durability and up-to-date style. These newly designed cases complement the look and feel of ThinkPad notebooks on the outside, and deliver clever durability and convenience on the inside. The Professional Carry Case family includes a backpack, a topload briefcase, a slim topload briefcase and a roller case. Newly featured tablet pockets, TSA functionality (topload and backpack only) and trolley straps make this line ideal for business travellers on the go.Vertical design with travel-friendly features Designated, protective compartments for computer and tablet storage Large storage area for clothes and shoes Telescoping trolley handle and comfortable handles for vertical/horizontal carrying Storage pockets to organise pens, documents and other accessories Convenient front pockets keep travel essentials within reach Four swivel wheels allow easy navigation during travel Compatible with all ThinkPad notebook computers up to 15.6\" wide (380.6 x 270 x 36.6 mm) (15\" x 10.6\" x 1.4\") Limited Lifetime Warranty. Manufacturer: Lenovo Group Limited. Manufacturer Part Number: 4X40E77327. Brand Name: Lenovo. Product Line: Professional. Product Name: ThinkPad Professional Roller Case. Product Type: Carrying Case. [Product Information] Style: Roller. Carrying Options: Handle. Case Features: Built-in Wheels. Accessory Pocket. Telescopic Handle. Storage Slot. Multiple Compartment. Tablet Pocket. Checkpoint Friendly: Yes. Maximum Screen Size Supported: 15.6\". [Physical Characteristics] Height: 13.8\". Width: 21.8\". Depth: 7.7\". Weight (Approximate): 6.46 lb. [Miscellaneous] Application/Usage: Notebook. Pen. Document. Accessories. Clothing. Shoes. Tablet. Travel Essential. Compatibility: Lenovo - ThinkPad. ', 1, 7, 183.54, 0, 2),
(50, 'Goobay 51818 High Speed HDMI Cable, Gold-Plated, Black, 5.5 mm Diameter, 1 m Cable Length', 'HDMI male (type A) &gt; HDMI male (type A). ', 1, 4, 14.96, 0, 9),
(51, 'Amzer 10.5-Inch Designer Neoprene Sleeve Case Pouch for Tablet, eBook, Netbook (AMZ5087105)', 'Meet the Amzer Neoprene Sleeve! Tough enough to protect your 10.5 inch tablet yet stylish enough to take everywhere you go! The high-grade and highly durable neoprene is water resistant and offers advanced protection from bumps, scratches and dust. And the smooth, non-scratch interior lining offers enhanced screen protection while your device is tucked away. Ideal for any tablet or e-book up to 10.5 inches, this no-bulk case easily slides into your bag, briefcase or backpack perfect for those of you on the go. Some of the compatible models are: Acer ICONIA Tab A200, Acer ICONIA Tab A500, Acer ICONIA Tab A700, Acer ICONIA Tab W500, Amazon Kindle Fire HD 8.9, Amazon Kindle Fire HD 8.9 4G LTE, Amazon Kindle Fire HDX 8.9, Apple iPad, Apple iPad 2, Apple iPad 3, Apple iPad 4, Apple iPad Air, Apple iPad mini, Apple iPad mini with Retina Display, ARCHOS 97 Carbon, ARCHOS 97 Titanium HD, ARCHOS 97 Xenon, Asus Transformer Pad 300, Asus Transformer Pad Infinity 700, Asus VivoTab RT, Asus VivoTab Smart, Barnes and Noble NOOK HD Plus, Barnes and Noble NOOK Tablet, Coby Kyros MID1042, Coby Kyros MID1045, Google Nexus 10, HTC Jetstream, Huawei Ideas S7, Lenovo Idea Pad Tablet K1, Lenovo Idea Pad Tablet P1, LG G Pad 8.3 V500, LG G Pad 8.3 V510 Google Play Edition, LG G-Slate, Microsoft Surface 2, Microsoft Surface 8 Pro, Microsoft Surface Pro 2, Microsoft Surface RT, Motorola DROID XYBOARD 10.1, Motorola DROID XYBOARD 8.2, Motorola XOOM All Editions, Nokia Lumia 2520, Pantech Element P4100, Samsung ATIV Tab, Samsung GALAXY Note 10.1 2014 Edition, Samsung Galaxy Note 10.1, Samsung GALAXY Note 8.0, Samsung GALAXY Tab 10.1, Samsung GALAXY Tab 2 10.1, Samsung Galaxy Tab 3 10.1, Samsung Galaxy Tab 3 8.0, Samsung GALAXY Tab 4 10.1, Samsung GALAXY Tab 4 8.0, Samsung Galaxy Tab 8.9, Samsung GALAXY TabPRO 10.1, Samsung GALAXY TabPRO 8.4, Samsung Nexus 10, Sony Tablet S, Sony Xperia Tablet Z, Sony Xperia Z2 Tablet, The new iPad, Toshiba Excite X10, Toshiba Thrive. ', 1, 6, 41.08, 0, 1),
(52, 'Value 11.99.8875', 'Value USB 3.0&nbsp;cable A male to MicroB Male/Male 2&nbsp;M 31&nbsp;to ', 1, 8, 28.86, 0, 6),
(53, 'Favorit 100460903&nbsp;Folder', 'Smooth neon display books made of polypropylene with a smooth and special finish welding on the envelopes which allows easy insertion of documents. Size: 22x30 cm. Neon assorted colours: yellow green orange and fuchsia ', 1, 0, 33.31, 0, 8),
(54, 'Nano Cable 10.01.2000 - USB 2.0 Cable, Mini 5 pin/F - Micro B/M USB, 10 Centimetres', 'NANOCABLE CABLE PROLONGACION USB 5PIN/F-MICRO B/M 10CMESPECIFICACIONES TCNICASCable Prolongacion Usb 5Pin/F-Micro B/M 10Cm ', 1, 0, 42.28, 0, 4),
(55, 'Speck Products BalanceFolio Clear iPad 10.2 Inch Case and Stand (2019), Marine Blue/Clear', '', 1, 1, 19.88, 0, 7),
(56, 'Tucano Luni Lato Universal Case for eBook Reader Black Black', '', 1, 3, 10.5, 0, 1),
(57, 'Goobay 79672 Keystone Cinch/RCA Module, Yellow', '16.2 mm width, 2 RCA female, yellow, gold-plated. ', 1, 1, 15.77, 0, 7),
(58, 'STM Dux Plus 12.9 Inch Folio Case for Tablet (Folio, Apple, iPad Pro 12.9 (2018), 32.8 cm (12.9 Inch), 332 g, Black, Transparent)', '', 1, 4, 24.64, 0, 2),
(59, 'Hama | Wallet Holds 96 CDs/DVDs | Blue/Silver', 'DescriptionCD/DVD Collection Getting a Little Out of Hand?With new CDs and DVDs being released on a weekly basis for us to purchase, it is not unusual to find our collections growing out of hand with little space available or suitable for storage. This can lead to various discs, some with their cases long lost and others with extremely flimsy and thin ones, being scattered around shelves, drawers, cupboards, desks and even the floor at home and the workplace or loose around on the floor or seats of the car as they are discarded there when driving. This can leave the sensitive surface of the disc exposed to dust, dirt, scratches and being broken if left on the floor where it could be stood on by trampling feet, leading to poor playback quality or in some cases completely preventing the disc from working.Hama CD Wallet 96, Transparent and SilverHama provide a portable and practical storage solution for your CD and DVD collection with this wallet fitting up to 96 CDs/DVDs, a huge number considering its compact size. With this CD Wallet from Hama, your collection will be fully protected from general knocks and bumps occurred during transportation with a trendy silver coloured zipper fastener and high quality individual antistatic sleeves for each disc to prevent the accumulation of dirt and dust and the entry of light moisture that can otherwise cause damage.Take Great Entertainment on the GoHighly portable, the adjustable carrying strap allows you to comfortably and conveniently carry the case with you on the go. Perfect as a storage solution in the car tucked under the seat for instant access to all your favourite songs and movies to entertain yourself, friends and family on a long and tedious car journey. Alternatively tuck it away at home either into a cupboard, on a bookshelf or anywhere within easy reach for much increased space efficiency. Now all your collection will be in one place and there is no need to go searching through numerous randomly arranged piles of discs in order to find the CD/DVD you want. Why not organise discs in alphabetical order, by artist or by date to allow easy identification and location?. ', 1, 2, 40.69, 0, 9),
(60, 'CORSAIR VENGEANCE RGB 16GB (2x8GB) DDR4 3000MHz C16 Desktop Memory - White', 'CORSAIR VENGEANCE RGB Series DDR4 memory modules are designed to provide an amazing look with effectively placed RGB LEDs and precision-engineered light bar that provides an unmatched light effect and exceptional appearance, matching the design themes of mid-range and high-end motherboards and other gaming PC components. Software control without additional wires allows for a full range of lighting control via CORSAIR LINK and a clean wire-free integration. Each module is built using custom performance PCB and specially screened ICs for superior overclocking and reliability on the latest Intel DDR4 motherboards. XMP2.0 profiles allow for automatic, reliable overclocking at your fingertips. ', 1, 5, 28.53, 0, 6),
(61, 'Laptop Charger for Acer (Yellow Tip) Aspire 19V 3.42A 65W E15 ES1 E1 E5 V3 V5 N15Q1 M5 R7 R14 S3 5733 5315 5532 5349 E5-521 E5-575 PA-1650-02 SADP-65KB AC Adapter Power Supply Cable Cord', 'Aspire E5-474G E5-474G-41WB E5-474G-50UR E5-474G-50UT E5-474G-527K E5-474G-5389 E5-474G-53G4 E5-474G-53Q6 E5-474G-56K0 E5-474G-56YN E5-474G-56YP E5-474G-5865 E5-474G-59PT E5-474G-75PN E5-474G-79H1 E5-475 E5-475-222 E5-475-31A7 E5-475-32X8 E5-475-35CL E5-475-377R E5-475-55P7 E5-475G E5-475G-30KY E5-475G-51SV E5-475G-525V E5-475G-525W E5-475G-526W E5-475G-52MT E5-475G-53VJ E5-475G-57GE E5-475G-57K2 E5-511 E5-511-440U E5-511-46X5 E5-511-C0L9 E5-511-C3TJI E5-511G E5-511G-C717 Aspire E5-511G-C91E E5-511G-C91H E5-511G-P1AZ E5-511G-P1GA E5-511G-P1KK E5-511G-P1Z2 E5-511G-P4Q4 E5-511G-P5FL E5-511G-P7JU E5-511G-P7WQ E5-511P E5-511-P0BM E5-511-P0GC E5-511-P1YL E5-511-P2AV E5-511-P2V9 E5-511-P34L E5-511-P7AC E5-511-P7AT E5-511-P7QB E5-511-P7UX E5-511-P8EH E5-511-P9LV E5-511-P9V3 E5-511P-C7HW E5-511P-C9BM E5-511P-P0ZX E5-511P-P1QH E5-511P-P2AV E5-511P-P5ZV E5-511P-P8BA E5-521` E5-521-22S7 E5-521-23KH E5-521-24PQ E5-521-25P9 E5-521-29Q4 E5-521-3356k E5-521-43GH Aspire E5-521-45UL E5-521-46QC E5-521-49QU E5-521-54BU E5-521-60BX E5-521-60NV E5-521-62DW E5-521-63LN E5-521-63LNR E5-521-63U8 E5-521-81H3 E5-521G-40RD E5-521G-41FL E5-521G-41MH E5-521G-4209 E5-521G-425Y E5-521G-44TG E5-521G-45E1 E5-521G-45VC E5-521G-47DX E5-521G-47TB E5-521G-4805 E5-521G-481Y E5-521G-521G E5-521G-60BX E5-521G-60R2 E5-521G-60Y6 E5-521G-61U7 E5-521G-61UC E5-521G-629M E5-521G-62RS E5-521G-632L E5-521G-636X E5-521G-63CW E5-521G-64EM E5-521G-64PD E5-521G-65JA Aspire E5-521G-65Q0 E5-521G-65X4 E5-521G-66UQ E5-521G-68BJ E5-521G-68N8 E5-521G-69X9 E5-521G-8022 E5-521G-804D E5-521G-81MG E5-521G-8269 E5-521G-83M9 E5-521G-841X E5-521G-84SX E5-521G-861W E5-521G-8626 E5-521G-866N E5-521G-87EH E5-521G-87S2 E5-521G-88A8 E5-521G-88R9 E5-521G-88VM E5-522 E5-522-2182 E5-522-23C7 E5-522-40U7 E5-522-4154 E5-522-47RS E5-522-619F E5-522-61M5 E5-522-63AX E5-522-6407 E5-522-64AY E5-522-65EN E5-522-806L E5-522-81GE E5-522-824N E5-522-824Ni E5-522-82C2 ', 1, 4, 19.99, 0, 3),
(62, 'Case for Apple Ipad Air 2 - Poetic Creature', 'PRODUCT &amp; QUALITY: Discover this GrabYourDesign PVC rigid case with black contours, smooth and shiny. This case protects your tablet from scratches, shocks and dust. It leaves open access to all your tablet control buttons. The visual color may differ slightly from the article due to differences in color monitors. However, we strive to minimize the color difference of nuance. OUR COMMITMENTS: All our products are produced and shipped from France. We ship our products at the latest within 48 working hours. We accept returns within 30 days. We attach great importance to customer service so we are available to accompany you during and after your purchase. STYLE: Choose the design of the artist that will best highlight your personality and access a world where originality and aesthetics prevail. ARTIST: The design of this product is protected by copyright. Any reproduction, total or partial copy is prohibited under penalty of prosecution. Support talented and independent artists by buying this item, the artist is paid for each acquired design. This GrabYourDesign branded tablet case for Apple Ipad Air 2 was designed by LouJah. ', 1, 6, 19.59, 0, 8),
(63, 'Digitus 2&nbsp;m CAT5e Network Cable&nbsp;–&nbsp;(RJ-45, RJ-45, Male/Male, Gold, -20&nbsp;–&nbsp;60&nbsp;°C, CAT5E)', 'The new DIGITUS Patch Cable series is back with a reworked plug on the market. The Bend protection sleeve with latch protection prevents snagging the cable and also protects the latching lever before break. The connector can be different in color depending on the category: a blue plug for CAT5e, a red plug for CAT6 and a yellow plug for CAT6A. We also offer a variety of different colors and lengths to meet all demands.For more information, please see our Patch Cable brochure! - 2 x RJ45 connectors - Plugs with new design - Boots with kink protections and strain reliefs - Spot length on boot Weight &amp; dimensions -Outer diameter: 5.3 mm Operational conditions -Operating temperature (T-T): -20 - 60 C Features -Cable length: 2 m -Cable standard: Cat5e -Cable shielding: SF/UTP (S-FTP) -Connector 1: RJ-45 -Connector 2: RJ-45 -Connector gender: Male/Male -Cable colour: Green -Connector contacts plating: Gold -Jacket material: Polyvinyl chloride (PVC) ', 1, 9, 11.37, 0, 7),
(64, 'Valueline VLCP85221E15&nbsp;1.5&nbsp;m Cat. 6&nbsp;S/FTP S/STP Network Cable Grey', 'Valueline VLCP85221E15 - VLCP85221E15 networking cable 1.5 m Cat6 S/FTP (S-STP) Grey (CAT6 S/FTP Network Cable RJ45 (8P8C) Male - RJ45 (8P8C) Male 1.50 m Grey) ', 1, 7, 47.08, 0, 7),
(65, 'VG7-W RGB, PC Case', 'The VG7-W RGB is a compact ATX midi tower made for price-conscious gamers. The large acrylic side window and its expressive front panel provide the case with a playful-modern look. This is combined with an excellent airflow supplied by the three pre-installed 120 mm RGB LED fans and, above all, the mesh grille of the front panel which ensures a strong intake of air. ', 1, 6, 50.26, 0, 9),
(66, 'Logilink EconLine - Patch Cable - 10 m - Black', 'Connectors:1 x RJ-45 - male, Connectors (Other Side):1 x RJ-45 - male, Package Type:Bulk, Compliant Standards:TIA/EIA-568-B ', 1, 3, 24.88, 0, 2),
(67, 'LINDY 9.5m in-Wall Digital AV Cable Run', 'As part of our In-Wall AV Cable System this 9.5m cable allows installers to easily install long distance HDMI or DVI cable runs in walls and through conduit. Simply connect a set of HDMI or DVI modular Fly Leads to the DIN style plugs at each end of th ', 1, 3, 18.07, 0, 4),
(68, 'DYYSELLS #1 4.3 chu+Xian-6 LCD Display + Touch Screen for LMS430HF19 Tom-Tom XL IQ, XL V2, XL IQ Live', 'Fix cracked lens, non-working touch function on your tablet. Brand new replacement touch screen. Good quality touch screen grade A. Tested and ensured 100% working. ', 1, 8, 37.2, 0, 4),
(69, 'Crucial RAM 4GB DDR3 1600 MHz CL11 Memory for Mac CT4G3S160BJM', '', 1, 8, 26.99, 0, 1),
(70, 'Inov8 British Made Picture/Photo Frame Metro Grey 16x16 (40.65x40.65cm) Collage', 'Inov8 British Made Picture/Photo Frame, Metro Grey 16x16 Collage, Single ', 1, 9, 21.59, 0, 9),
(71, 'Sharkoon Quickstore External Hard Disc Drive Enclosure for 6.4 cm / 2.5 Inch Drives Black', '', 1, 9, 9.09, 0, 4),
(72, 'Kingston 128MB Module for Dell Inspiron', 'Kingston technology is the worlds independent memory leader and is well-known for providing high quality memory products at an price. Kingston desktop and notebook memory is designed for customers who are looking the reliable and respected components in the industry to ensure maximum performance and legendary Kingston reliability.Note:Please always check the compatibility with manufacturer before purchasing this DRAM module. Certain motherboards may not be compatible with this product and the user should always check system compatibility on the manufacturers website. ', 1, 4, 54.99, 0, 5),
(73, 'Goobay 68033 CAT 5e Patchcable, SF/UTP, Red, 2m Cable Length', 'CAT 5e Patchcable, SF/UTP, Red, 2m Cable Length. ', 1, 3, 43.67, 0, 9),
(74, 'Goobay 96314 CAT 6A U/UTP Flat-Patch Cable, White, 1m Length', 'Goobay CAT 6A U/UTP Flat-Patch Cable, White, 1m Length. ', 1, 2, 16.19, 0, 6),
(75, 'Connect 10 m Full Copper RJ45 Cat.6a F/UTP Patch Cord - Red', '<h3>Product Description</h3> A new range of ‘Connect’ cables and connectors for networking, landlines, IT systems and audio visual. Our most comprehensive range yet! The list of different cables and connectors is extensive and includes mini DisplayPort, DisplayPort 1.2, HDMI 2.0, USB, reversible USB 3.0, Thunderbolt, eSATA and Lightening to name a few. With more than 3000 connectors and cables we are the go to place for all of your connectivity needs! Specifications: - Category: 6A - Frequency: 500 MHz - Impedance: 100 Ohms - Conductor: copper - Shielding: overall shielding by aluminium foil - Compatible with the following standards : ANSI/TIA 568C.2 - Jacket: PVC - Individual packaging - Guarantee: 20 years  <h3>Set Contains:</h3> 1 x Connect Cable ', 1, 3, 40.08, 0, 1),
(76, 'Goobay 38668 Micro USB Charging and sync Cable - for Android Devices;', 'for Android devices; ', 1, 2, 15.01, 0, 8),
(77, 'Fellowes 29700 tapis de souris économique bleu', 'Smooth material for easy gliding Non-slip base Rubber sponge backing Blue ', 1, 5, 13.36, 0, 1),
(78, 'Premium Cord Patch Cable CAT6a S-FTP, RJ45-RJ45, AWG 26/7, 0.25 m, Yellow', 'CAT 6a S / FTP (PiMF) Patch cable length 0.25 m, AWG 26/7 Color Pantone yellow Category: CAT 6a Suitable for 10 Gigabit networks (10/100/1000/10000 MBit) Shielding: SFTP, PIMF pairs in foil (Alu) made of PiMF and braided overall shielding Structure: CU cable 4 x 2 AWG 26/7, Packaging: twisted yellow (conductor material CU 1: color: M. ', 1, 0, 18.37, 2, 2),
(79, 'Gembird power extension cable VDE 5 meter', '', 1, 2, 20.63, 0, 7),
(80, 'Crucial Ballistix Sport LT 3000 MHz DDR4 DRAM Desktop Gaming Memory Single 16GB CL16 BLS16G4D30BESB (Gray)', 'BLS16G4D30BESB is a 16GB DDR4 dual rank desktop module that operates at speeds up to 3000 MT/s and has a CL16 latency. It is an Unbuffered DIMM. It conforms to the industry standard DDR4 UDIMM layout of 288 pins and is compatible with systems that take DDR4 3000MT/s UDIMM memory. ', 1, 8, 47.02, 0, 1),
(81, 'LUXBURG 14\" Inches Luxury Design Laptop Notebook Sleeve Soft Case Bag with Handle and Shoulder Strap', '', 1, 0, 22.22, 0, 9),
(82, 'Tragant 84974&nbsp;0.7&nbsp;m SATA 7-PIN SATA 7-PIN SATA Cable SATA Cable&nbsp;–&nbsp;Blue', 'DeLOCK SATA 6&nbsp;Gbs female extension cable straight SATA plugs with locking function straight 70&nbsp;cm Blue (84974) ', 1, 4, 19.05, 0, 8),
(83, 'Pilot V-Ball Liquid Ink Roller 10134&nbsp;Bullet Tip 1.0&nbsp;mm Black', 'The V Ball 10&nbsp;is a conical roller point tungsten carbide ball of which retains its shape and is free of wear and tear. Equipped with a regulator, the V Ball 10&nbsp;will seduce you with the perfection of the ink flow, the autonomy and its simple and modern design. ', 1, 9, 27.6, 0, 9),
(84, 'Case Logic CBUE-1208 BOXCAR 8 Inch Tablet Case with Backrest (20.3 cm (8 Inches) 140 g Red', 'SUREFIT FOLIO 8IN BOXCAR ', 1, 2, 29.82, 0, 9),
(85, 'Club 3D CAC 1402&nbsp;USB 3.0&nbsp;Extension Cable Black Black', '', 1, 3, 15.33, 0, 4),
(86, 'Goobay 50888 CAT 6 Patchcable, S/FTP (PiMF), Grey, 3m Cable Length', 'CAT 6 Patchcable S/FTP (PiMF), Grey, 3m Cable Length. ', 1, 7, 36.19, 0, 4),
(87, 'Esperanza TM103K PC Mouse, PC/Mac, 2 Ways', 'Esperanza TM103K - 5905784768991 - TITANUM TM103K HORNET - Wired Mouse Optical USB 1000 DPI Black BLISTER ', 1, 7, 33.95, 0, 6),
(88, 'Pedea Design Tablet PC Case 10.1 Inches Neoprene California Beach', 'Protection for tablets up to 10.1 inches. The stylish Pedea design tablet PC case is for anyone who wants to carry your tablet easily and flexibly. The case is made from robust and elastic neoprene to ensure optimal protection against moisture and scratches. The special double zip allows easy access from all sides. Pedea tablet PC case 10.1 inches (25.6 cm) highlights: water-repellent optimal protection against scratches easy to remove the device thanks to long double zip basic features inner compartment: 26 x 20 x 2 cm (L x W x H) size 10.1 inches (25.6 cm) material: neoprene ', 1, 3, 35.36, 0, 8),
(89, 'LINDY 47394&nbsp;2&nbsp;m CAT6&nbsp;S/FTP Cat6&nbsp;Network Cable&nbsp;–&nbsp;Network Cable (2&nbsp;m, Black (S-STP), S/FTP (S-STP) RJ45&nbsp;RJ-45, Black)', 'Cable PIMF (Paare in Metal Folie), outer diameter: 6.0&nbsp;mm in TPE sheath Compatible Gigabit 10/100/1000Base-TX Category 6, Class and, 28&nbsp;AWG, 4&nbsp;pairs (Red/Transparent) with save connector shielded RJ45&nbsp;connectors and gold contacts Colour coding ANSI/TIA-568-C.2&nbsp;ISO/IEC 11801: 2002/EN 50173&nbsp;Class and 250&nbsp;MHz fluke channel test ISO 11801&nbsp;Class and PoE support for IEEE 802.3&nbsp;af, IEEE 802.3&nbsp;at PoE + for black ', 1, 2, 10.19, 0, 7),
(90, 'Hypertec 311-1350-HY 311-1350 128MB DELL Equivalent Memory', 'Hypertec has been offering the IT channel via specialist VARs Matched Memory Solutions for Desktops, Laptops &amp; Servers since 1989. Hypertec Memory has been a trusted solution for many FTSE 100 companes for the past 20 years and its implementation continues to grow within all sectors, helping SMEs, Bluechip Multinationals and home users alike benefit from cost saving performance upgrades. Hypertec offers a complete OEM Matched Memory Upgrade Solution which comes with numerous benefits. Buying Hypertec Memory is more than just module provisioning - Our Memory comes with a host of support and service elements that guarantee an unrivalled solution to cost effective PC life cycle management. All Hypertec memory modules are rigorously tested before being shipped, we have stringent quality control procedures within our facilities to protect against the risk of failure and cost impact from system downtime The more thoroughly memory is tested before it is shipped, the less chance of problems during operation. As with any type of product, memory quality can vary from one manufacturer to another. More established memory manufacturers such as ourselves are more consistent in adhering to stringent testing policies and ensuring the use of high quality components. There is the possibility that during more price sensitive times the consideration of cheaper and potentially lower quality memory products may be considered. Such considerations could lead to a higher cost solution overall, we recommend that when evaluating the level of quality required for memory the following points are considered: The quality of the DRAM chips, PC boards, and other components used on the module are critical to the overall quality. Premium memory chips can cost up to 30% more than low grade chips and high quality PC Boards cost about 50% more than lower quality alternatives. Hypertec only use high quality components from the worlds leading technology brands. Intermittent problems quite often occur with lower quality memory, problems such as PCs hanging or freezing unexpectedly. How often is work saved, and if this is outside of your control, how much does it cost to re-install a backed up session? You can be confident of deploying Hypertec Memory Solutions for Desktops, Laptops and Servers because our products are designed and built exactly functionally equivalent to OEM modules and are rigorously tested, guaranteeing 100% compatibility. All Hypertec Server Memory products are also designed to work with OEM server integration software such as In-Site Manager on HP Servers ', 1, 2, 7.54, 0, 5),
(91, 'Goobay 68245 CAT 6 Wall Plate Flush Mounting, Beige', '<h3>Product Description</h3> 2x RJ45 network wall socket, shielded.  <h3>Set Contains:</h3> 1x Wentronic CAT 6 Wall Plate Flush Mounting 2 x RJ45 Terminals shielded beige ', 1, 8, 48.08, 0, 1),
(92, 'Equip 606605 Patch Cable Cat.6A S/FTP 3.0 m Orange', 'Equip 606605. Cable length: 3 m Features -Cable length: 3 m ', 1, 8, 26.03, 0, 7),
(93, 'CA Office Duzen CA-1013Blue', 'Very well made and functional optical cable mouse with ergonomic shape. Delicious colours. Large, safe to handle - great in large hands. Long USB cable (1.5 m) for free working with a desktop computer. ', 1, 6, 8.84, 0, 2),
(94, 'ICY BOX IB-USB 3.0 Adapter (Type-c Male to Type-a Female, USB 3.1 to USB 3.0 Adapter) Black Black', '', 1, 1, 48.94, 0, 9),
(95, 'Nilox Multipack 10 x CAVO USB 2.0-1.8 M, A/B Nero (1000030172)', 'Multipack 10x USB 2.0 cables 1.8Mtmale/male - a/B Black. ', 1, 5, 17.19, 0, 9),
(96, 'Bakker &amp; Elkhuizen Bnealb ANIR PC Mouse, PC/Mac', 'Encourages natural vertical hand position with thumb pointing upwards. ', 1, 1, 38.14, 0, 7),
(97, 'Ektor Ltd Shoulder Bag', '', 1, 0, 38.12, 0, 8),
(98, 'PEDEA Design Protective Laptop Bag up to 17.3 Inches (43.9 cm) Yoga Lama', 'Protection for laptops up to 17.3 inches (43.9 cm). The stylish Pedea design notebook case is for those who want to transport your notebook easily and flexibly. The case is made from robust and elastic neoprene to ensure optimal protection against moisture and scratches. The special double zip allows easy access from all sides. Pedea protective case 17.3 inches (43.9 cm) highlights: water-repellent optimal protection against scratches easy to remove the device thanks to long double zip basic features inner compartment: 41.5 x 32 x 2 cm (L x W x H) size 17.3 inches (43.9 cm) material: neoprene ', 1, 1, 25.19, 0, 6),
(99, 'PEDEA Design Protective Laptop Bag up to 15.6 Inches California Beach', 'Protection for laptops up to 15.6 inches (39.6 cm). The stylish Pedea design notebook case is for those who want to transport your notebook easily and flexibly. The case is made from robust and elastic neoprene to ensure optimal protection against moisture and scratches. The special double zip allows easy access from all sides. Pedea protective case 15.6 inches (39.6 cm) highlights: water-repellent optimal protection against scratches easy to remove the device thanks to long double zip basic features inner compartment: 37 x 28.5 x 2 cm (L x W x H) size 15.6 inches (39.6 cm) material: neoprene ', 1, 9, 10.59, 0, 2),
(100, 'YATUNINK 2 Pack Remanufactured for Lexmark 14 Black Ink Cartridge (18C2090) for Z2300 Z2320', 'Warranty - Returns 1. Our cartridges go through a rigorous quality control procedure, which includes a thorough cleaning of printhead nozzles, testing of electrical circuitry, and a final print test.? 2. All our cartridges come with?-year shelf life or 1-year defect free warranty. We test every cartridge thoroughly before it is shipped from our warehouse.  3. We guarantee the item you purchase is in the condition described above, or you may return it for refund.  4. Any discrepancies or defects must be reported to us within 180 days of receipt of the item.  5. Defective items can be returned with a RMA (Return Material Authorization) provided or replaced for free. ', 1, 2, 26.37, 0, 1),
(101, 'JESLED Bluetooth LED Light Strip, 32.8ft/10M Color Changing LED Strip Lights for Bedroom, Music Sync Smart RGB Neon Lights Strip with RF Remote, Rope Light for TV Home Kitchen Cabinet Party Decoration', '', 2, 9, 4.69, 0, 9),
(102, 'Dyson Pure Hot + Cool, HP01 HEPA Air Purifier, Space Heater &amp; Fan, For Large Rooms, Removes Allergens, Pollutants, Dust, Mold, VOCs, White/Silver', '', 2, 1, 5.6, 0, 8),
(103, 'Honors Floor Lamp by Lightaccents - Paper and Chrome Standing Lamp - Fits in Modern Home Decor Perfect for Bedroom Decor - Japanese Style Standing Lamps for Bedrooms 50 Inches Tall with White Paper S', '', 2, 1, 1.07, 0, 3),
(104, 'Amzwax Dripless Taper Candles 10\", Unscented Dinner Candle Set of 12 for Home Décor, Wedding Receptions,Celebrations,Baby Showers &amp; More (Black)', '', 2, 8, 1.95, 0, 8),
(105, 'Christopher Knight Home 303588 Silas Velvet Headboard, Queen / Full, Black / Black', '', 2, 6, 5.37, 0, 9),
(106, 'FROGTAPE 1358463 Multi-Surface Painters Tape with PAINTBLOCK, Medium Adhesion, 0.94\" Wide x 60 Yards Long, Green', '', 2, 2, 6.98, 0, 6),
(107, 'Bissell Multi-Purpose Portable Carpet and Upholstery Cleaner, 1400B, Green', '', 2, 2, 5.61, 0, 3),
(108, 'Naomi Home Brisbane Glider and Ottoman Set Black/Chocolate', '', 2, 1, 2.47, 0, 4),
(109, 'Fahrendom and So Together They Built a Life They Loved Farmhouse Décor Family Decoration Sign Cotton Linen Home Decorative Throw Pillow Case Cushion Cover with Words for Sofa Couch, 18 x 18 in', '', 2, 4, 6.61, 0, 2),
(110, 'Eva-dry Edv-1100 Electric Petite Dehumidifier, White', '', 2, 9, 47.99, 0, 7),
(111, 'Primitives by Kathy 16336 Classic Box Sign, 4 x 4-Inches, Dance In The Rain', '', 2, 2, 10.06, 0, 7),
(112, 'H&amp;A 65\"x24\" Full Length Mirror Bedroom Floor Mirror Standing or Hanging (Black)', '', 2, 5, 6.92, 0, 4),
(113, 'O-Cedar Easywring Microfiber Spin Mop &amp; Bucket Floor Cleaning System with 2 Extra Refills', '', 2, 7, 38.99, 0, 4),
(114, 'EyeVac PRO Touchless Stationary Vacuum - 1400 Watts Professional Vacuum with Active Infrared Sensors, High Efficiency Filtration, Bag-Less Canister (Tuxedo Black)', '', 2, 7, 5.79, 0, 8),
(115, 'Primitives by Kathy Chalk Sign, Sunflowers - You Are My Sunshine (26853)', '', 2, 6, 12.23, 0, 9),
(116, 'ZENY Electric Ice Shaver 300W 2000r/min w/Stainless Steel Blade Shaved Ice Snow Cone Maker Kitchen Machine (Orange)', '', 2, 6, 52.89, 0, 9),
(117, 'Vivocci Unbreakable Plastic Stemless Wine Glasses 20 oz | 100% Tritan Heavy Base | Shatterproof Glassware | Ideal For Cocktails &amp; Scotch | Perfect For Homes &amp; Bars | Dishwasher Proof, Buy 8 Pay 6', '', 2, 8, 4.68, 0, 4),
(118, 'GOOD &amp; GRACIOUS Side Table, Industrial End Table, Vintage Bedside Table with Sturdy Metal Frame for Living Room, Bedroom &amp; Small Spaces, Easy Assembly, C Shape with Storage Holder', '', 2, 2, 39.99, 0, 9),
(119, 'Loteaf Feather Duster for Home with Telescoping Handle, Extra Long 100, with Heavy Duty Pole and Bendable Head Microfiber Dusters for Cleaning Roof, Ceiling Fan&amp;Cobweb Duster', '', 2, 7, 7.99, 0, 2),
(120, 'Christopher Knight Home Keiko Fabric Armed Storage Bench, Dark Blue', '', 2, 7, 2.95, 0, 1),
(121, 'Tangkula Computer Desk, Home Office Desk, Wood Frame Vintage Style Student Table with 4 Drawers &amp; Bookshelf, PC Laptop Notebook Desk, Spacious Workstation Writing Study Table (Black)', '', 2, 6, 8.76, 0, 9),
(122, '2020 Electric Mini Dehumidifier, 1500Cubic Feet (170 sq ft) Portable and Compact 600ml( 20 oz) Capacity Quiet Small Dehumidifier for Basement, Home, Bedroom, Bathroom, Gunsafe, RV, Garage, Caravan', '', 2, 2, 5.56, 0, 8),
(123, 'Safavieh Monaco Collection MNC222F Modern Bohemian Distressed Area Rug, 5 1\" x 7 7\", Multi', '', 2, 0, 2.49, 0, 4),
(124, 'BUNN BCF100-B 100-Count Basket Filter ,White ,2 pack (packaging may vary)', '', 2, 5, 8.19, 0, 2),
(125, 'NBHUZEHUA Buddha Sitting in Hand Statue Resin Lao Thai Buddhist Figurines Home Decor Zen Buddah Gold', '', 2, 7, 15.5, 0, 7),
(126, 'Teraves Computer Desk/Dining Table Office Desk Sturdy Writing Workstation for Home Office(39.37“, Black)', '', 2, 1, 9.51, 0, 1),
(127, 'Hot Shot 100047495 HG-20177 No Mess Fogger, Aerosol, 3/1.2-Ounce, Model:100047, Case Pack of 1', '', 2, 6, 7.49, 0, 8),
(128, 'Konda Art - Framed Abstract Canvas Painting Wall Modern Decor HD Print Contemporary Artwork Hanging for Home Decorations Stretched and ready to hang (W40\"x H20\", Brown tide)', '', 2, 2, 4.35, 0, 8),
(129, 'Rope Basket Woven Storage Basket - Laundry Basket Large 17.3x 15 x 14.1 Inches Cotton Blanket Organizer, Baby Nursery Containers White Home Decor Gift', '', 2, 9, 6.08, 0, 9),
(130, 'Portable Electric Space Heater, 1500W/750W Oscillating Ceramic Heater with Thermostat, Heat Up 200 Square Feet in Minutes, Safe and Quiet for Office Home Room Desk Indoor Use', '', 2, 4, 34.99, 0, 9),
(131, 'Fluidmaster, Inc 502P21 Adjust-A-Flush, 2 In, Red', '', 2, 8, 4.97, 0, 6),
(132, 'Habor Thermometer Indoor (2 Pack), Superior Mini Digital Hygrometer Indoor Accurate Humidity Monitor Gauge for House, Office, Greenhouse, Home (2.3X1.8inch, Black)', '', 2, 2, 50.98, 0, 2),
(133, 'Rug Doctor FlexClean All-in-One Floor Cleaner; Eliminate Tough Stains, Dirt, and Odors from Both Carpeted and Sealed Hardwood Surfaces with One Powerful Machine; Includes 9 oz. Floor Cleaner Solution', '', 2, 3, 232.37, 0, 9),
(134, 'CDWERD Spring Pillow Covers 18x18 Inch Set of 4 Fresh Flower Market Spring Decorations Throw Farmhouse Pillowcase Cotton Linen Cushion Case for Spring Home Décor', '', 2, 5, 4.63, 0, 6),
(135, 'Home Office Furniture Writing Desk,Computer Work Station with Detachable Hutch,5 Drawers(White)', '', 2, 4, 5.85, 0, 5),
(136, 'Tea Strainer Tea Small Strainer - Mini Strainer Small Mesh Strainer Small Strainer Fine Mesh Strainer for Tea - Matcha Sifter Tea Sifter Mini Strainer Fine Mesh - Fine Tea Strainer Tea Sieve for Tea', '', 2, 4, 1.94, 0, 1),
(137, 'Blackout Door Curtain, Elegance French Door Curtains for Privacy, Thermal Insulated Door Curtain Panels, Room Darkening Door Window Curtain (50\" x 72\" 2pcs: Beige)', '', 2, 5, 4.92, 0, 9),
(138, 'Recliner Chair for Living Room Massage Recliner Sofa Reading Chair Winback Single Sofa Home Theater Seating Modern Reclining Chair Easy Lounge with PU Leather Padded Seat Backrest (Brown)', '', 2, 3, 1.23, 0, 1),
(139, 'Novogratz Computer Desk With Storage, White Marble', '', 2, 0, 4.2, 0, 6);
INSERT INTO `products` (`id`, `name`, `description`, `category`, `quantity`, `price`, `rating`, `seller_id`) VALUES
(140, 'Amerelle Emergency Lights For Home by Amertac, 5 Pack – Power Failure Light and Plug In Flashlight Combo, Automatically Lights When the Power Fails – Rechargeable for Power Outages – 71134CC', '', 2, 8, 44.98, 0, 7),
(141, 'Twinkle Star 200 LED 66ft Fairy Copper String Lights USB &amp; Adaptor Powered, Dimmable Control Starry String Lights Home Lighting Decor for Indoor Outdoor Bedroom Wall Patio, Warm White', '', 2, 8, 11.99, 0, 6),
(142, 'Homasy Handheld Vacuum Cordless, Portable Car Hand Held Vacuum Cleaner, with Rechargeable Lightweight and Powerful Cyclonic Suction, for Home, Office, Pet and Dust Cleaning (White)', '', 2, 3, 8.32, 0, 9),
(143, 'DII 5464 3 Tier Countertop or Pantry Vintage Metal Wire Tree Stand for Coffee, Glasses, and Cups, 15 Mug Capacity, 9.5\"D x 12.8\"H, Black', '', 2, 9, 35.45, 0, 4),
(144, 'Rubbermaid Swing-Top Lid Recycling Bin for Home, Kitchen, and Bathroom, 12.5 Gallon, Gray', '', 2, 9, 26.63, 0, 1),
(145, 'Racor - PHL-1R, Garage Ceiling Storage Rack Lift', '', 2, 9, 8, 0, 5),
(146, 'Home Accent Furnishings New 58 Inch Sliding Barn Door Television Stand - White Oak Finish with Dark Top', '', 2, 9, 5.35, 0, 4),
(147, 'Brio Bottom Loading Water Cooler Water Dispenser – Essential Series - 3 Temperature Settings - Hot, Cold &amp; Cool Water - UL/Energy Star Approved', '', 2, 6, 2.64, 0, 8),
(148, 'Mkono Hanging Photo Display Macrame Wall Hanging Pictures Decor Boho Home Chic Decoration for Apartment Bedroom Living Room Gallery, with 25 Wood Clips', '', 2, 7, 15.99, 0, 7),
(149, 'Mason Jar Bathroom Apothecary Jars - Rustproof Stainless Steel Lid,Farmhouse Decor,Bathroom Vanity Storage Organizer Holder Glass for Cotton Swabs,Rounds,Ball,Flossers,Bath Salts (Bronze, 2-Pack)', '', 2, 2, 7.78, 0, 1),
(150, 'Heaven In Our Home Flameless Candles Copper Lantern', '', 2, 4, 64.85, 0, 7),
(151, 'Daybetter Smart WiFi App Control Led Strip Lights Work with Alexa Google Assistant -16.4 feet', '', 2, 2, 7.61, 0, 1),
(152, 'Airthereal APH230C Air Purifier with True HEPA 3 Filtration Stage Filter - Eliminates Pollen, Dust, Smoke, Pet Dander - Budget-Friendly, CARB ETL Certified, 315 Sq.Ft - Pure Morning', '', 2, 7, 8.28, 0, 1),
(153, 'White Noise Sound Machine | Portable Sleep Therapy for Home , Office , Baby &amp; Travel | 6 Relaxing &amp; Soothing Nature Sounds , Battery or Adapter Charging Options , Auto-Off Timer | HoMedics Sound Spa', '', 2, 7, 20.08, 0, 3),
(154, 'Computer Desk with 2 Drawers and Cabinet Cappuccino', '', 2, 6, 8.67, 0, 7),
(155, 'mDesign Modern Plastic Stackable Vertical Standing Water Bottle Holder Stand - Storage Organizer for Kitchen Countertops, Pantry, Fridge - Each Rack Holds 3 Containers, 2 Pack - Clear', '', 2, 7, 25.99, 0, 2),
(156, 'PERLESMITH Speaker Stands Extend 30-45 Inch with Upgraded Cable Management, Hold Satellite, Small Bookshelf &amp; Bluetooth Speakers up to 8lbs(i.e. Vizio, Polk, Bose, JBL, Sony &amp; Samsung) -1 Pair', '', 2, 5, 39.99, 0, 5),
(157, 'Winix HR900, Ultimate Pet 5 Stage True HEPA Filtration Air Purifier, 300 Sq. Ft, White', '', 2, 7, 224.99, 0, 4),
(158, 'McCulloch MC1275 Heavy-Duty Steam Cleaner with 18 Accessories, Extra-Long Power Cord, Chemical-Free Pressurized Cleaning for Most Floors, Counters, Appliances, Windows, Autos, and More, Yellow/Grey', '', 2, 2, 139.99, 0, 2),
(159, 'VTech CS6719-2 2-Handset Expandable Cordless Phone with Caller ID/Call Waiting, Handset Intercom &amp; Backlit Display/Keypad', '', 2, 6, 34.95, 0, 7),
(160, 'TENNESSEE HOME GOODS - Bamboo Charcoal Air Purifying Bags - Organic Odor Absorber, Safe for Kids, Pets - Decorative, Stylish Design - Home, Gym, Office, Car Purifier - Blessed &amp; Highly Favored- 1000g', '', 2, 7, 9.56, 0, 9),
(161, 'NESCO, CR-04-13, Coffee Bean Roaster, Black', '', 2, 5, 1.58, 0, 7),
(162, 'Kitchen Gizmo Snap N Strain Strainer, Clip On Silicone Colander, Fits all Pots and Bowls - Lime Green', '', 2, 8, 15.99, 0, 3),
(163, 'DAYBETTER Led Strip Lights 32.8ft 5050 RGB LEDs Color Changing Lights Strip for Bedroom, Desk, Home Decoration, with Remote and 12V Power Supply', '', 2, 3, 2.88, 0, 1),
(164, 'iHOME iBTW38 Wireless Charging Bluetooth Alarm Clock,Black', '', 2, 7, 79.95, 0, 3),
(165, 'Mason Jar Bathroom Apothecary Jars - Rustproof Stainless Steel Lid,Farmhouse Decor,Bathroom Vanity Storage Organizer Holder Glass for Cotton Swabs,Rounds,Ball,Flossers,Bath Salts (Bronze, 2-Pack)', '', 2, 9, 3.21, 0, 7),
(166, 'Palace Learning Dumbbell Workout Exercise Poster - Laminated - Free Weight Body Building Guide | Home Gym Chart | Double Sided - 18\" x 27\"', '', 2, 4, 12.95, 0, 2),
(167, 'Acer SB220Q bi 21.5 Inches Full HD (1920 x 1080) IPS Ultra-Thin Zero Frame Monitor (HDMI &amp; VGA Port), Black', '', 2, 1, 86.19, 0, 9),
(168, 'Comfort Zone CZHV12B 12-inch High-Velocity 3-Speed Floor Fan with 180-Degree Tilt', '', 2, 6, 9.38, 0, 4),
(169, 'Craftlab Best Mini Sewing Kit with Sewing Survival Ebook, 78 Emergency Accessories For Home, Travel, Emergency', '', 2, 2, 4.91, 0, 8),
(170, 'Creative Co-op DA5819 Round Boxwood Wreath, 6\", Green', '', 2, 4, 15.21, 0, 9),
(171, 'Vanity Drawer Beauty Organizer 3 Drawers - Wooden Cosmetic Storage Box for Neat &amp; Organize Storing of Makeup Tools, Small Accessories at Home &amp; Office Vanities &amp; Bathroom Counter-top (Dark Brown)', '', 2, 3, 24.95, 0, 1),
(172, 'Home Office Chair Ergonomic Desk Chair Mesh Computer Chair with Lumbar Support Armrest Executive Rolling Swivel Adjustable Mid Back Task Chair for Women Adults, Black', '', 2, 3, 7.28, 0, 5),
(173, 'amscan Welcome Sign, 18\" x 6 1/8\", Multicolor', '', 2, 4, 9.54, 0, 1),
(174, 'Kitchen Trash Can for Bathroom Bedroom Home Office Automatic Touch Free High-Capacity Garbage Can with Lid Brushed Stainless Steel Waste Bin 13 Gallon / 50L', '', 2, 2, 5.47, 0, 6),
(175, 'VGIA Green Leaf Eucalyptus Wreath for Festival Celebration Front Door/Wall/Fireplace Laurel/Eucalyptus Hanger Home Relaxed Decor', '', 2, 4, 1.94, 0, 6),
(176, 'SAFR Home Therapy Weighted Blanket &amp; Removable Cover (60\"x80\" | 15lbs, Grey)', '', 2, 4, 89.95, 0, 5),
(177, 'Wagner Spraytech 0282014 915 On-demand Steam Cleaner &amp; Wallpaper Removal', '', 2, 5, 115, 0, 6),
(178, 'Window Film 3D Static Decoration Self Adhesive for UV Blocking Heat Control Privacy Glass Stickers Thickness 0.3mm, for Home Living Room Bedroom, 35.4x78.7 Inches', '', 2, 2, 9.38, 0, 7),
(179, 'Greendale Home Fashions Outdoor High Back Chair Cushion (set of 2), Salsa', '', 2, 0, 9.1, 0, 6),
(180, 'Jese Small Dehumidifier for Bedroom, Portable Mini Dehumidifier for 1800 Cubic Feet Small Room, Electric Home Dehumidifier for RV, Bathroom, RV Trailer, Closet, Baby Room, Basement, Kitchen (Blue)', '', 2, 4, 2.93, 0, 9),
(181, 'ASAKUKI 400ML Premium, Essential Oil Diffuser, Quiet 5-in-1 Humidifier, Natural Home Fragrance Diffuser with 7 LED Color Changing Light and Easy to Clean', '', 2, 2, 29.99, 0, 2),
(182, 'Homemaxs Fake Plants Mini Artificial Plants Potted 4 Pack Topiary Shrubs Plastic Plants for Home Decor', '', 2, 6, 9.98, 0, 2),
(183, '2 Pack Silent Non Ticking Quartz Wall Clock by Hippih, Battery Operated 10 Inch Round Easy to Read for Home Office School Decor Clock', '', 2, 2, 13.99, 0, 9),
(184, 'DII 5464 3 Tier Countertop or Pantry Vintage Metal Wire Tree Stand for Coffee, Glasses, and Cups, 15 Mug Capacity, 9.5\"D x 12.8\"H, Black', '', 2, 9, 35.45, 0, 5),
(185, 'Moldex, 56 oz, Yellow Concentrated Instant House Wash', '', 2, 8, 7.69, 0, 7),
(186, 'Alpine Hazel Automatic Hand Dryer | ABS Polycarbonate Hands Drying Device | Ultra-Quiet High Speed Hot Air Hand Blower | No Touch Operation | Easy &amp; Fast Installation', '', 2, 4, 5.95, 0, 8),
(187, 'Wood Bead Garland Set,3 pcs Farmhouse Rustic Country Beads with Tassles Wall Hanging Décor', '', 2, 5, 11.99, 0, 5),
(188, 'Elegant Designs LT1026-CHR Crystal Ball Table Lamp, Chrome', '', 2, 4, 32.99, 0, 2),
(189, 'MyGift Whitewashed Wood Tabletop Decorative Mail Holder Box', '', 2, 5, 27.5, 0, 6),
(190, 'Auledio 4-Tier Mesh Desktop Organizer File Folder with Sliding Drawer and Hanging File Holder, Document Letter Tray Holder Desk Accessories Organization Supplies for Office or Home', '', 2, 3, 2.79, 0, 2),
(191, 'Shoe Rack with 4 Shelves-Four Tiers for 24 Pairs-For Bedroom, Entryway, Hallway, and Closet- Space Saving Storage and Organization by Home-Complete', '', 2, 7, 6.04, 0, 3),
(192, 'Kas Home Vintage Bath Canvas Wall Art | Rustic Bathroom Rules Prints Signs Framed | Bathroom Laundry Room Decor (8 X 16 inch, Bathroom Rules)', '', 2, 2, 17.9, 0, 6),
(193, 'Christopher Knight Home Keiko Fabric Armed Storage Bench, Dark Blue', '', 2, 9, 6.11, 0, 3),
(194, 'Computer Desk with Storage Shelves, LITTLE TREE 47 inch Gaming Desk &amp; 23 inch Arch Corner Shelf, Writing Office Desk Workstation Table for Home Office, Free-Combination 2 Piece', '', 2, 4, 2.24, 0, 7),
(195, 'Family is Everything Decals Wall Decal Quotes Home Decor Vinyl Quotes Designs Family Wall Art', '', 2, 4, 9.99, 0, 7),
(196, 'HOMFA 5-Tier Industrial Ladder Shelf Against The Wall, 72.6 Inches Display Storage Rack Plant Flower Stand Utility Organizer Bookshelf Wood Look Accent Metal Frame Furniture Home Office', '', 2, 7, 9.34, 0, 3),
(197, 'HomeLights Scented Candles | Large Jar Candle - 33.3 Oz. Natural Soy Aromatherapy Candles | 60+ Hour Burn Time with 3 Cotton Wicks, Home Decorative Fragrance Candles Gift - Orange Blossom', '', 2, 6, 29.99, 0, 9),
(198, 'Honeywell HFD-120-Q QuietClean Oscillating Air Purifier with Permanent Washable Filters', '', 2, 1, 171.99, 0, 6),
(199, 'Handheld Vacuum Cordless Rechargeable, U-CHAINAI Powerful Portable Hand Vacuum Cleaner with Washable Stainless Steel Filter, Quick Charge, Lightweight Mini Hand Vac for Home Pet Hair Car Cleaning', '', 2, 0, 3, 0, 4),
(200, 'Set of 3 Artificial Mini Potted Plants Assorted Flocked Eucalyptus Grey Green Grass Greenery in Pots Small Houseplants for Indoor Kitchen Dining Room Office Tabletop Centerpiece Decorations 8.7\" Tall', '', 2, 3, 24.99, 0, 9),
(201, 'Trusco ST-350-B 2-Level Toolbox', '', 3, 9, 63.99, 0, 5),
(202, 'Occidental Leather 5062 4 Pouch Pro Fastener Bag', '', 3, 0, 106.2, 0, 3),
(203, 'Dremel Lite 7760 N/10 4V Li-Ion Cordless Rotary Tool Variable Speed Multi-Purpose Rotary Tool Kit, USB Charging, Easy Accessory Changes - Perfect For Light-Duty DIY &amp; Crafting', '', 3, 3, 49.09, 0, 6),
(204, 'Akro-Mils 26 Drawer 10126, Plastic Parts Storage Hardware and Craft Cabinet, (20-Inch W x 6-Inch D x 10-Inch H), Black', '', 3, 7, 19.92, 0, 3),
(205, 'ORXPLUS Tools Deburring External Chamfer Tool, Deburring Drill Bit, Remove Burr Tools Quick Release Shank Fits for 1/8\"-3/4\"(3mm-19mm)', '', 3, 8, 34.29, 0, 3),
(206, 'Wire Twisting Tools, Wire Stripper and Twister, Wire Terminals Power Tools for Stripping and Twisting Wire Cable (2, Blue and Orange)', '', 3, 5, 13.99, 0, 6),
(207, 'Wheels Manufacturing Tool Bearing WOB Universal Bb Press - Press-7', '', 3, 3, 334.49, 0, 7),
(208, 'DEWALT 20V Max Jig Saw, Tool Only (DCS331B),Yellow', '', 3, 6, 142.88, 0, 7),
(209, 'EZARC Oscillating Tool Blades Carbide Multitool Saw Blades for Hard Material, Hardened Metal, Nails, Bolts and Screws, 3-Pack', '', 3, 8, 8.41, 0, 7),
(210, 'KIMO 20V Brushless Cordless Angle Grinder, 4-1/2 Inch, 9000RPM w/ 4.0Ah Lithium-Ion Battery &amp; Fast Charger, 2-Position Adjustable Auxiliary Handle, Electric Brake, 5 Cutting Wheels, 5 Grinding Wheels', '', 3, 1, 109.99, 0, 6),
(211, 'Syntus Precision Screwdriver Set, 63 in 1 with 57 Bits Screwdriver Kit, Magnetic Driver Electronics Repair Tool Kit for iPhone, Tablet, Macbook, Xbox, Cellphone, PC, Game Console, Black', '', 3, 7, 14.99, 0, 3),
(212, 'Klein Tools ET300 Circuit Breaker Finder / Receptacle Tester Finds Electrical Circuit Breaker of 120V Standard Electrical Outlet', '', 3, 6, 29.99, 0, 5),
(213, 'Wood Scribe Tool, Wheel Marking Gauge Woodworking Tool Set, 180 MM Sliding Mark Scraper Adjustable Precision Linear Arc Dual-purpose Scriber Parallel Line Drawing Tool', '', 3, 1, 1.59, 0, 2),
(214, 'RZX 16\" RIVET NUT TOOL Hand Blind Riveter ,RIVNUT Riveting Tools with Nut Setting System M3 M4 M5,m6,m8,m10 M12, 10-24, 1/4-20 , 5/16-18,3/8-16 ,1/2-13 totally 12 mandrels', '', 3, 0, 9.18, 0, 1),
(215, 'TACKLIFE Cordless Rotary Tool 4V Power Portable Size with Versatile Accessories, Perfect for DIY Creation and Light Duty-RTH30DC', '', 3, 1, 23.97, 0, 3),
(216, 'Wire Terminals Crimping Tool, Qibaok Insulated Ratcheting Terminals Crimper Kit of AWG22-10 with 800PCS Insulated Butt Bullet Spade Fork Ring Crimp Terminals Connectors', '', 3, 6, 22.99, 0, 3),
(217, 'Homak Mfg. Co., Inc. BK00120920 20\" Black High Tool Box w/ Black Metal Tray', '', 3, 1, 6.4, 0, 2),
(218, 'Kraft Tool DC135 Rasp, 5-1/2-Inch', '', 3, 7, 7.79, 0, 1),
(219, 'Carabiner Keychain Stainless Steel Multitool - 10 in 1 Tactical Emergency Survival Gear - Glass Breaker,Bottle Opener, Wrench, Screw Drivers, Key Clip, EDC Pocket and Backpack Tool', '', 3, 0, 3.91, 0, 8),
(220, 'Upgraded Credit Card Tool Knife Set - Gifts for Men Multi-Tool Pocket Knife 2 Pack Set 18 in 1 Army Tactical Multi-Tool - Best Gifts for Dad, Mens Stocking Stuffers Survival Wallet With Blade, Compass', '', 3, 3, 4.2, 0, 2),
(221, 'Klein Tools 5144BHB14OS Hard-Body Bucket, Aerial Oval Tool Bucket with Drain Holes, 29 Pockets', '', 3, 3, 62.71, 0, 7),
(222, 'Buyers Products L8815 T-Handle Latch (Latch,T-Handle,SST,SGL Pt W/Gskt &amp; Ch545)', '', 3, 7, 20.48, 0, 7),
(223, 'GALAX PRO 2.4Amp 6 Variable Speed Oscillating Multi-Tool Kit with Quick-Lock accessory change, Oscillating Angle:3°, 28pcs Accessories and Carry Bag', '', 3, 3, 64.99, 0, 6),
(224, 'Contour Gauge, Contour Gauge Duplicator, Profile Gauge, Contour Duplication Gauge, Master Outline Gauge, Quick Gauge, Contour Gauge Profile Tool, Contour Tool, Template Tool, Ezgauge for Perfect Fit', '', 3, 9, 5.67, 0, 3),
(225, 'Snap Lock Punch, Red, 9 In', '', 3, 5, 19.56, 0, 9),
(226, 'Offset Center Marking Tool Rockler Center Offset Scriber Pencils Marking Tool Fits Standard Wooden (gray)', '', 3, 0, 3.94, 0, 4),
(227, 'Carhartt Legacy Tool Bag 16-Inch, Carhartt Brown', '', 3, 3, 58.52, 0, 3),
(228, 'Park Tool Needle Nose Pliers - NP-6', '', 3, 0, 25.95, 0, 5),
(229, 'Her Hardware Homeowners Tool Set, (Model: 38210)', '', 3, 7, 27.9, 0, 7),
(230, 'Kreg Tool Company KHI-HINGE Concealed Hinge Jig', '', 3, 3, 28.36, 0, 1),
(231, 'REXBETI Stainless Razor Blade Scraper with Extra 10 Blades, Scraper Tool for Removing Car Sticker, Old Paint, Window Decal and Adhesive', '', 3, 6, 9.34, 0, 9),
(232, 'Box Level, Tacklife MT-L02 24-Inch Level Aluminum Alloy Magnetic Torpedo Level Plumb/Level/45-Degree Measuring Shock Resistant Magnetic Level with Imperial &amp; Metric Scales', '', 3, 7, 20.97, 0, 5),
(233, 'Park Tool Ratcheting Click Type Torque Wrench', '', 3, 2, 108.95, 0, 5),
(234, 'Professional Hose Clamp Pliers Repair Tool Swivel Flat Band for Removal and Installation of Ring-Type or Flat-Band Hose Clamps', '', 3, 6, 5.16, 0, 4),
(235, 'Graintex PS1234 10 Pocket Tool Pouch Oil Tanned Leather for Constructors, Electricians, Plumbers, Framers', '', 3, 4, 32.04, 0, 9),
(236, 'Fiskars 373600-1001 Weeder W-Ergo Handle, 1.63\" x 1.50\"', '', 3, 8, 9.3, 0, 7),
(237, 'DEWALT Angle Grinder Tool, Paddle Switch, 4-1/2-Inch, 11-Amp (DWE402)', '', 3, 5, 79, 0, 4),
(238, 'Spanner Wrench Clutch Wrench Adjustable Wrench Holder Hub Flywheel Sprocket Spanner Wrench Set Fan Clutch Removal Tool Tools Scooter Motorcycle Accessories (Type A)', '', 3, 7, 7.45, 0, 3),
(239, 'TACKLIFE 200W Rotary Tool Kit with LCD Display 4 Attachments Including Flex Shaft, Shield, Grip and Cutting Guide, Versatile Accessories Perfect for DIY Projects and Home Improvement-RTD37AC', '', 3, 4, 2.87, 0, 8),
(240, 'Klein Tools 32614 Multi-bit Precision Screwdriver Set, 4-in-1 Electronics Pocket Screwdriver, Professional Phillips and Slotted Bits', '', 3, 1, 14.24, 0, 4),
(241, 'Goplus 5-Drawer Rolling Tool Chest, Tool Storage Box, Removable Tool Cabinet, Sliding Metal Organizer w/Lockable Drawers (Red)', '', 3, 7, 159.99, 0, 2),
(242, 'Cutting Wheel Set for Rotary Tool, Resin Cut Off Wheels, Mini HSS Saw Blades, Resin Cut Off Disc, 545 Diamond Cutting Wheel, Cutter Kit with Mandrels for Wood Glass Plastic Stone Metal', '', 3, 2, 1.3, 0, 3),
(243, 'Teng Tools 1/2 Inch Drive 10 to 150 FT-LB Reversible Click Steel Torque Wrench - 1292UAGEP', '', 3, 3, 60.99, 0, 3),
(244, 'LED Headlamps, Neolight Super Bright 5 LED High Lumen Rechargeable Zoomable Waterproof Head torch Headlight for Outdoor Hiking Camping Hunting Fishing Cycling Running Walking', '', 3, 0, 9.11, 0, 9),
(245, 'Nupla 33800 Yellow Nuplaglas Handle Steel Claw and Pry Halligan Tool, 30\" Length', '', 3, 8, 148.55, 0, 8),
(246, 'DEWALT DGC530 USB Charging Tool Backpack', '', 3, 5, 67.95, 0, 7),
(247, '3 Tier Service Cart on Wheels 34 x 17 Inch - Heavy Duty Tub Storage Work Cart Safely Holds up to 500 lbs - Tool Cart Great for Teachers, Warehouse, Garage, Cleaning, Mechanical by Pipishell', '', 3, 6, 119.99, 0, 9),
(248, 'Strongman Tools | Heavy Duty Aluminum Alloy Angle Template Tool | Multi Function Universal Layout Measuring Ruler | 3 Bonus Items - Protective Pouch, Builders Pencil and Instructions | Perfect Present', '', 3, 0, 7.49, 0, 9),
(249, 'HORUSDY Bucket Tool Organizer, for 5 Gallon Bucket, 1680D Polyester, Waterproof &amp; Durable', '', 3, 6, 5.18, 0, 3),
(250, 'WAYCOM 24PCS Wood Knife Kit Set Wood Carving Kit,Professional Chisel Set, including Small, Middle, Large size (24PCS)', '', 3, 1, 6.61, 0, 2),
(251, 'Klein Tools 55452RTB Tool Bag, Water Resistant Tool Storage Organizer Rolls on Rugged 6-Inch Wheels, 24 Pockets, Load Tested to 200-Pound', '', 3, 3, 179.99, 0, 1),
(252, 'Ridgid R8643B Octane 18V Lithium Ion Cordless Brushless Reciprocating Saw w/ Included Blade and LED Lighting (Battery Not Included / Power Tool Only)', '', 3, 4, 3.23, 0, 3),
(253, 'Makita 831253-8 Contractor Tool Bag, 14\"', '', 3, 4, 17.99, 0, 3),
(254, 'Symmons T35C Temptrol Universal Seat Removal Tools,Silver', '', 3, 6, 21.99, 0, 6),
(255, 'Positioning Squares, Woodworking Tool, Clamping 90 Degree Angles for Picture Frames, Boxes, Cabinets or Drawers (Set of 4) 6-Inch by TOFL', '', 3, 0, 29.99, 0, 1),
(256, 'ION TOOL 6 Pack - 11” C-Clamp Locking Pliers, Swivel Pads', '', 3, 7, 45.99, 0, 4),
(257, 'Metabo HPT Angle Grinder | 4-1/2\", Includes 5 Grinding Wheels &amp; Hard Case | 6.2-Amp Motor | Compact &amp; Lightweight | 5 Year Warranty | G12SR4', '', 3, 4, 39, 0, 7),
(258, '39 Piece Tool Box Kit - Small Basic Home Tool Set - Great for College Students, Household Use &amp; More', '', 3, 6, 2.16, 0, 3),
(259, 'LANMU Crevice Tool and Dust Brush Compatible with Shark Navigator Lift-Away Vacuum Cleaner Models NV350, NV352, NV355, NV356E, Compare to Part No.112FFJ', '', 3, 5, 17.99, 0, 9),
(260, 'ABN Sheet Metal Hand Seamer - 3 Inch Straight Jaw Manual Metal Bender Tool Sheet Metal Bending Pliers Flattening Tool', '', 3, 4, 24.99, 0, 6),
(261, 'Ultrawall Garage Storage System,12PCS Garage Hanger Tool Organizer with Hooks, Hanger', '', 3, 7, 3.36, 0, 1),
(262, 'Astro Pneumatic Tool 65SL 650 Lumen Rechargeable LED Slim Light W/Top Flashlight', '', 3, 1, 58.8, 0, 3),
(263, 'Apollo PEX 69PTBJ0010C 3/8-inch - 1-inch One Hand Cinch Clamp Tool', '', 3, 4, 44.01, 0, 9),
(264, 'Picture Hanging Kit, ZALALOVA 4 Pcs Picture Frame Hanger Tool with Level Ruler and Nail Portable Picture Hanger Tool Ruler Bubble Level for Marking Wall Position Suitable for All Wall Materials', '', 3, 7, 8.57, 0, 3),
(265, 'Kobalt 227-Piece Standard (SAE) and Metric Polished Chrome Mechanics Tool Set', '', 3, 0, 137.95, 0, 3),
(266, 'Collins Tool Company Stair Tread Template Set', '', 3, 5, 58.31, 0, 5),
(267, 'CLC Custom Leathercraft 439 Heavy Duty Steel Loop Hammer Holder', '', 3, 2, 3.62, 0, 7),
(268, 'NoCry Pick-up Tool Set - includes Flexible Claw Grabber Tool and Telescoping Magnet Pick-up Tool', '', 3, 2, 15.99, 0, 7),
(269, 'Flexible Grabber Claw Pick Up Reacher Tool With 4 Claws Bendable Hose Pickup Reaching Assist Tool for Litter Pick, Home Sink, Drains, Toilet (63inch)', '', 3, 2, 10.99, 0, 5),
(270, 'GEARWRENCH 7 Pc. Hook &amp; Pick Set - 84000D', '', 3, 7, 29.97, 0, 4),
(271, 'Eslibai Garden Tools Set, 9 Gardening Tools with Soft Garden Gloves and Beautiful Garden Tote Fairy Gardening Gifts Set with Garden Trowel and More', '', 3, 6, 6.73, 0, 4),
(272, 'Milwaukee 2623-20 M18 3-1/4\" Planer - tool Only', '', 3, 5, 1.64, 0, 8),
(273, 'Ninthseason Attachments Tools Kit for Dyson V11 V10 V8 Absolute/ V8 Animal/ V7 V6,DC59,DC44,DC35 Absolute Cord-Free Vacuum Cleaner Parts Accessories Replacement', '', 3, 2, 20.99, 0, 2),
(274, 'Chicago Electric Harbor Freight Miter Saw Lower Guard Fits ONLY Model 61970 AND ONLY 61776', '', 3, 0, 64.99, 0, 9),
(275, 'G &amp; F Products Government Issued Style Mechanics Heavy Duty Tool Bag with Brass zipper and side pockets, tool bag for cars, drill, garden, and electrician. Olive Green , 11\" x 7\" x 6\"', '', 3, 8, 12.81, 0, 3),
(276, 'Pink Tool Belt For Women. Keep Your Gardening and Home Improvement Tools Within Hands Reach. Ladies Stylish Belt W/Pouches Carry Your Supplies W/You. Use It For Leisure Or Take It To Work (Adult)', '', 3, 3, 27.95, 0, 8),
(277, 'Milescraft 8401 TRIM45 Trim Carpentry Aid', '', 3, 1, 10.49, 0, 7),
(278, 'LEATHERMAN, Sidekick Pocket Size Multitool with Spring-Action Pliers and Saw, Stainless Steel with Nylon Sheath', '', 3, 0, 59.95, 0, 8),
(279, 'Kingsdun 12 in 1 Torx Screwdriver Sets with T3 T4 T5 T6 T7 T8 T10 Magnetic Screwdrivers Precision Torx Repair Kit, ESD Tweezers &amp; Philip Slotted Magnetic Screwdrivers for Phone/Mac/Computer/Xbox/PS4', '', 3, 9, 9.99, 0, 1),
(280, 'ToughBuilt - Fastener Bag - Heavy Duty Mesh Window, Hanging Grommets - (3 Pack) (TB-94-M-3)', '', 3, 5, 5.8, 0, 9),
(281, 'Canvas Tool Pouch with Zipper, 5 Pack, Utility Organization Bags, Heavy Duty Metal Zipper and Carabiner, by Angry Beaver', '', 3, 7, 7.87, 0, 7),
(282, 'ORXPLUS TOOLS Caulk Nozzle, Applicator, Silicone Caulking Tools (6.5R, 10R, 13R)', '', 3, 1, 15.42, 0, 3),
(283, 'DEWALT Tool Tote with Removable Power Tool Case, 24-Inch (DWST24070)', '', 3, 1, 4.8, 0, 7),
(284, '2PCS Zero Contact Tools Avoid Touch Elevator Buttons Door Handles Public Drawer Handle Gadgets', '', 3, 4, 7.99, 0, 8),
(285, 'SE Flex Shaft Grinder Set (55 PC.) - 979FSG', '', 3, 8, 110.12, 0, 6),
(286, 'COSTWAYUS Tool Chest COSTWAY 2-in-1-Rolling-Cabinet-Storage-Chest-Box-Garage-Toolbox-Organizer-w-6-Drawers, Black', '', 3, 5, 7.12, 0, 5),
(287, 'Universal wrench 48 Tools In One Socket, Works with Spline Bolts, 6-12-Point, Torx, Square Damaged Bolts and Any Size Standard or Metric.Lord Of Wrench.socket wrench.universal wrench,Tiger Wrench', '', 3, 9, 33.25, 0, 3),
(288, '5.25 ft (1.6m) Drain Snake Clean Claw,Gripper Pickup Grabber Tool Pipeline Dredge Hook Cleaner,Drain Auger Hair Catcher,Drain Clog Remover Cleaning Tools for Kitchen Bathroom Tub Toilet Washbasin', '', 3, 3, 6.97, 0, 3),
(289, 'Sunex 9729 Master Bit Set, 208Piece', '', 3, 6, 51.01, 0, 5),
(290, '21 in 1 Multitool Pocket Knife Stainless Steel Multitool Pliers - KITHELP Multi tool for Men Gift- Pocket Tool for Survival Camping Hiking Hunting Fishing', '', 3, 5, 3.87, 0, 6),
(291, 'ORXPLUS TOOLS Caulk Nozzle, Applicator, Silicone Caulking Tools (6.5R, 10R, 13R)', '', 3, 9, 15.42, 0, 7),
(292, 'Qualcraft 54-Inch Shingle Removal Shovel #2560P', '', 3, 7, 9.9, 0, 8),
(293, 'Trusco ST-350-B 2-Level Toolbox', '', 3, 2, 63.99, 0, 6),
(294, 'General Tools TS02 ToolSmart Bluetooth Connected Digital Angle Finder, Protractor, Level and 10.5-Inch Ruler', '', 3, 7, 43.62, 0, 9),
(295, 'RIDGID R96021SB 18V Lithium-Ion Cordless Drill/Driver and Impact Driver Combo Kit with (2) 2.0Ah Batteries', '', 3, 3, 1.63, 0, 1),
(296, 'Youngneer Magnetic Hooks Heavy Duty 100 LB for Hanging BBQ Grill Utensils Tools Refrigerator Locker Neodymium Rare Earth Magnets Hook Hangers for Fridge Coat Wreaths Cruise Cabins 8 Pack', '', 3, 0, 4.93, 0, 4),
(297, 'Professional Hose Clamp Pliers Repair Tool Swivel Flat Band for Removal and Installation of Ring-Type or Flat-Band Hose Clamps', '', 3, 6, 1.29, 0, 5),
(298, 'SE Flex Shaft Grinder Set (55 PC.) - 979FSG', '', 3, 1, 110.12, 0, 2),
(299, 'Park Tool Needle Nose Pliers - NP-6', '', 3, 1, 25.95, 0, 1),
(300, 'Wooster Brush F6333 Lock Jaw Tool Holder', '', 3, 8, 2.47, 0, 1),
(301, 'Champion Womens Jersey Pant', '', 5, 8, 16.15, 0, 8),
(302, 'Strength sport systems Weight Vest (Short) - Premium Quality - Best for Cross fit Training - Running - Jogging - Fully Adjustable (S pro Weight Vest)', '', 5, 9, 197.6, 0, 8),
(303, 'Grip Boost Clutch Hold Sweat Proof Grip Spray for Gamer Grip, Golf Grips, Tennis, Yoga, Weightlifting Liquid Chalk, Pole Grip Fitness, Gymnastics Grips -2oz.', '', 5, 9, 4.68, 0, 9),
(304, 'BALEAF EVO Womens Athletic Joggers Pants Quick Dry Running Crapi Pants Zipper Pockets Lightweight Sports Yoga Track Pants', '', 5, 6, 6.89, 0, 4),
(305, 'Bell Star Wars Adult, Child &amp; Toddler Bike Helmets', '', 5, 0, 19.67, 0, 9),
(306, 'LOMA Premium Waist Trainer for Women and Men - Bonus Hot Gel 20 mg - Waist Trimmer Stomach Wrap - Six-Pack Abs Sweat Belt', '', 5, 4, 6, 0, 7),
(307, 'Seattle Sports Roll Catch Cooler - Built USA - Kayak Fishing Cooler - Removable Liner - Adjustable Attachment Straps', '', 5, 7, 69.95, 0, 9),
(308, 'Under Armour Boys Golazo 2.0 Soccer Shorts', '', 5, 4, 18, 0, 9),
(309, 'Pgzsy 6 Pack Multi-Function Electronic Digital Sport Stopwatch Timer, Large Display with Date Time and Alarm Function,Suitable for Sports Coaches Fitness Coaches and Referees', '', 5, 0, 6.98, 0, 1),
(310, '5-Pack Womens Short Sleeve V-Neck Activewear T-Shirt Dry-Fit Moisture Wicking Perfomance Yoga Top', '', 5, 9, 29.99, 0, 2),
(311, 'adidas Mens Alphaskin Tights', '', 5, 3, 31.99, 0, 8),
(312, 'Opard Stainless Steel Water Bottle, 32 oz Vacuum Insulated Double Walled Leak Proof Sports Water Bottle with Straw for Gym Travel Camping', '', 5, 5, 3.92, 0, 7),
(313, 'USTINE Kids Bike Helmet Adjustable with Sports Protective Gear Knee Pads Elbow Wrist Pads for Toddler Boys Girls Skateboard Cycling Hoverboard Scooter Roller,CPSC Certified', '', 5, 9, 3.06, 0, 1),
(314, 'A AGROSTE Womens High Waist Yoga Pants Tummy Control Workout Ruched Butt Lifting Stretchy Leggings Textured Booty Tights', '', 5, 6, 19, 0, 7),
(315, 'Feedback Sports Classic Work Stand', '', 5, 1, 3.02, 0, 1),
(316, 'Simple Modern Chug Sports Lid - Fits All Summit and Hydro Flask Water Bottle Wide Mouth Sizes - Insulated Leakproof Handle Cap for 10, 12, 14, 16, 18, 20, 22, 24, 32, 40, 64 &amp; 84 oz - Midnight Black', '', 5, 8, 7.99, 0, 4),
(317, 'GCI Outdoor Waterside Pod Rocker Collapsible Rocking Chair', '', 5, 7, 59.99, 0, 5),
(318, 'Champion mens Double Dry Performance Quarter Socks, 6-pack', '', 5, 2, 9.51, 0, 1),
(319, 'ChongErfei Waist Trainer Women - Waist Cincher Trimmer - Slimming Body Shaper Belt - Sport Girdle Belt', '', 5, 2, 2, 0, 9),
(320, 'Athletico Baseball Bat Bag - Backpack for Baseball, T-Ball &amp; Softball Equipment &amp; Gear for Youth and Adults | Holds Bat, Helmet, Glove, &amp; Shoes |Shoe Compartment &amp; Fence Hook', '', 5, 6, 29.99, 0, 9),
(321, 'DoSmarter Fitness Watch, 1.3\" Touchscreen Smart Watch with Heart Rate Blood Pressure Monitor,Waterproof Fitness Tracker with Sleep Tracking, Pedometer, Calories Counter for Women Men', '', 5, 7, 55.99, 0, 2),
(322, 'Aegend Adjustable Thin Cycling Gloves - Touch Screen, Anti-Slip Full Finger Mountain Bike Gloves - Breathable Sports Gloves for Biking, Workout - Unisex Motorcycle Gloves for Men/Women', '', 5, 4, 3.66, 0, 6),
(323, 'Franklin Sports MLB Replacement Foam Balls 2 pk No. 14941', '', 5, 8, 7.99, 0, 8),
(324, 'Hawk Sports Mens Compression Pants Base Layer Running Workout Muay Thai Jiu Jitsu MMA BJJ Spats Leggings Tights for Men', '', 5, 7, 9.99, 0, 6),
(325, 'adidas Originals Mens Firebird Track Pants', '', 5, 4, 98.27, 0, 1),
(326, 'CamelBak Eddy Kids BPA Free Water Bottle', '', 5, 0, 8.26, 0, 1),
(327, 'NeoSport Exclusive Mens and Women’s XSPAN Sock Available in 1.5MM or 5MM – Warm, Ideal for Surf Fishing, Water Sports and Hunting, Wear Alone or With Shoes and Boots', '', 5, 2, 11, 0, 4),
(328, 'Real Essentials Boys 5-Pack Mesh Active Athletic Performance Basketball Shorts with Pockets', '', 5, 6, 29.99, 0, 7),
(329, 'HULISLEM S1 Sport Polarized Sunglasses', '', 5, 9, 24.99, 0, 1),
(330, 'Ronnox Womens 12-Pairs Low Cut Running &amp; Athletic Performance Tab Socks', '', 5, 2, 17.99, 0, 5),
(331, 'Qrooper Kids Toys Toss and Catch Game Set, Ball Sports Games with 4 Paddles 4 Balls and 1 Storage Bag, Classic Outdoor Games, Beach Games, Yard Games Suitable for Kids Gift Ideal', '', 5, 1, 1.8, 0, 1),
(332, 'Champro Pitchers Safety L-Screen - 7x7 w/ 40\" Drop', '', 5, 8, 4.64, 0, 4),
(333, 'Peltor Sport Tactical 500 Smart Electronic Hearing Protector with Bluetooth Technology, NRR 26 dB, Ideal for the Range, Shooting and Hunting, TAC500-OTH', '', 5, 6, 102.62, 0, 3),
(334, 'INTENT SPORTS Pull Up Assist Bands – Assistance and Resistance Bands for Pull-Up, Fitness, Body Stretching, Mobility Work, Weightlifting, Heavy Duty - Single/Set – Exercise Videos - eBook!', '', 5, 9, 3.4, 0, 8),
(335, 'GCI Outdoor Waterside Pod Rocker Collapsible Rocking Chair', '', 5, 5, 59.99, 0, 9),
(336, 'adidas Womens Essentials Linear Tank Top', '', 5, 9, 37.64, 0, 2),
(337, 'MENOLY 5 Pack Youth Mouth Guard Sports Mouthguards for Kids Double Colored for Football Basketball Boxing MMA Hockey with Free Case', '', 5, 6, 6.09, 0, 9),
(338, 'HONBAY Headband [Camo] - Outdoor Sports Magic Scarf, 5pcs Outdoor Headbands, Elastic Cotton Headbands, Bicycle Bandanas Head Wrap for Teens, Boys, Men and Women', '', 5, 1, 8.99, 0, 9),
(339, 'Amazon Essentials Womens Control Tech Racerback Sports Bra with Power Mesh Back', '', 5, 3, 2.2, 0, 8),
(340, 'Occffy Yoga Pants for Women High Waist with Pockets Flex Leggings Tummy Control Workout Running Tights DS166', '', 5, 0, 19.99, 0, 4),
(341, 'GKVK Mens Slimming Body Shaper Vest Shirt Abs Abdomen Slim', '', 5, 4, 8, 0, 2),
(342, 'Starter Youth Unisex 3-Pack Headband, Amazon Exclusive', '', 5, 3, 1.49, 0, 7),
(343, 'Shock Doctor Pro Mouth Guard, Sports Mouth Guard for Football, Basketball, Lacrosse, Hockey, MMA, Boxing, Jiu Jitsu, Adult &amp; Youth Mouth Guard, Works w/Braces Mouth Guard', '', 5, 1, 10.76, 0, 4),
(344, 'Franklin Sports Steel Goal - All Sport Soccer, Lacrosse Field Hockey and Street Hockey Goal - 50\"x42\" Youth Goal and Net - Backyard Goal', '', 5, 2, 39.99, 0, 4),
(345, 'Champion Mens Manuscript Backpack, black, One size', '', 5, 6, 28.18, 0, 1),
(346, 'Under Armour Boys Prototype Logo Shorts', '', 5, 4, 40, 0, 4),
(347, 'Hanes Sport Mens X-Temp Performance Training Pant with Pockets', '', 5, 9, 12.93, 0, 5),
(348, '(3 Pack) White Athletic Sports Tape VERY Strong EASY Tear NO Sticky Residue BEST TAPE for Athlete &amp; Medical Trainers. PERFECT on bat, Lacrosse / Hockey stick, Lifters, Climbers &amp; Boxing', '', 5, 5, 3.67, 0, 2),
(349, 'MO GOOD Mens Casual Shorts Workout Fashion Comfy Shorts Breathable Big and Tall Shorts', '', 5, 7, 5.31, 0, 3),
(350, 'Nike Pro Performance Hijab Dri-Fit Black M/L', '', 5, 0, 28.96, 0, 4),
(351, '2in1 Headband &amp; Face Mask, Stay Dry and Protected from Dust, Aerosoles &amp; Elements, Performance Sweatband', '', 5, 9, 2.19, 0, 2),
(352, 'Champion Mens Long Mesh Short with Pockets', '', 5, 2, 25.83, 0, 7),
(353, 'C9 Champion Womens Medium Support Compression Strappy Back Cami Bra', '', 5, 9, 13.81, 0, 4),
(354, 'Champion Sports 90 Deluxe Batting Tee', '', 5, 1, 24.99, 0, 2),
(355, 'The Practice Stick Ball Shagger / Retriever by ProActive Sports', '', 5, 7, 19.99, 0, 8),
(356, 'BALEAF EVO Womens Athletic Joggers Pants Quick Dry Running Crapi Pants Zipper Pockets Lightweight Sports Yoga Track Pants', '', 5, 6, 6.89, 0, 9),
(357, 'adidas Boys Tricot Jogger Pant', '', 5, 1, 31.94, 0, 3),
(358, 'Water Sports Lighted Bocce Ball Set Regulation Size, Outdoor Glow In The Dark Game', '', 5, 5, 49.99, 0, 6),
(359, 'Super Z Outlet Bright Orange Round Cones Sports Equipment for Fitness Training (20 Pack)', '', 5, 6, 11.99, 0, 7),
(360, 'TSLA Women High Waist Yoga Pants with Pockets, Tummy Control Yoga Capris, 4 Way Stretch Capri Leggings with Pockets', '', 5, 3, 21, 0, 2),
(361, 'Nike Golf Tech Visor (White/Black)', '', 5, 1, 8.32, 0, 2),
(362, '12 Pieces Adhesive Bandage Wrap Stretch Self-Adherent Tape for Sports, Wrist, Ankle, 5 Yards Each', '', 5, 6, 15.99, 0, 4),
(363, 'Activated Carbon Cycling Dustproof Mask with Filters Air Pollution Mask/After April 19 Will Get An Extra Filter (The Event On April 16-18 Has Ended)', '', 5, 4, 8.41, 0, 5),
(364, 'Aegend Waterproof Splash-Resistant Sports Running Gloves Touch Screen Lightweight Liner Gloves for Running, Walking, Riding, Working Outdoor for Men Women in Winter Or Fall, Black', '', 5, 7, 9.99, 0, 3),
(365, 'adidas Originals Mens Speed Trainer 4 Baseball Shoe', '', 5, 4, 80.04, 0, 8),
(366, 'porayhut Pop up Soccer Net Soccer Goal for Kid Easy-up Set of Two Portable 210D Oxford with 8 Field Marker Cones Extra Stakes Fun for Backyard and Soccer Training Net (2.5FT Round Goal Set)', '', 5, 0, 1.99, 0, 2),
(367, 'COSSNISS Mens Dry Fit Golf Polo Shirt', '', 5, 2, 7.32, 0, 1),
(368, 'CLR Sports Stain Remover, Fights Odors, 32 Ounce Spray Bottle (Packaging May Vary)', '', 5, 6, 14.99, 0, 6),
(369, 'Maram 4 Tubes Fitness Sit-up Pull Rope Bodybuilding Tension Rope, Elastic Pull Rope Fitness Equipment for Abdomen, Waist, Arm, Yoga Stretching Slimming Training', '', 5, 9, 9.15, 0, 9),
(370, 'Bircen Mens Polarized Carbon Fiber Sunglasses UV Protection Sports Fishing Driving Sunglasses for Men Al-Mg Frame', '', 5, 4, 8.96, 0, 3),
(371, 'KYLIN SPORT Upgraded Cable Machine Attachments Resistance Bands Handles Grips Fitness Strap Stirrup Handle Cable Attachment Silicon Grip with Metal Carabiner Colorful Version', '', 5, 0, 6.99, 0, 7),
(372, 'Simple Modern 20oz Ascent Water Bottle - Hydro Vacuum Insulated Tumbler Flask w/Handle Lid - Green Double Wall Stainless Steel Reusable - Leakproof Ombre: Moonlight', '', 5, 1, 16.27, 0, 1),
(373, 'CHAMPRO Infinity Rebound Pitchback Screen for Baseball and Softball Training (54” X 36”)', '', 5, 3, 55.06, 0, 2),
(374, 'Peltor Sport RangeGuard Electronic Hearing Protector, Ear Protection, NRR 21 dB, Ideal for the Range, Shooting and Hunting, RG-OTH-4', '', 5, 7, 46.62, 0, 2),
(375, 'Souke Sports Womens High Waist Workout Yoga Running Shorts Non See-Through Athletic Short Pants Hidden/Side Pockets', '', 5, 7, 24.99, 0, 2),
(376, '2016-2017 Score NFL Football Trading Cards Retail Factory Sealed Box', '', 5, 4, 2.29, 0, 2),
(377, 'Augusta Sportswear Mens Training Short', '', 5, 7, 13.82, 0, 6),
(378, 'GEARHALO Sports Deodorizer Pods - Stops The Stink!', '', 5, 2, 19.99, 0, 1),
(379, 'Complete Easy Court Premium Basketball Marking Stencil Kit | Paint Options Available | Made In USA', '', 5, 7, 8.96, 0, 5),
(380, 'Park &amp; Sun Sports Volley Sport Combo Set: Portable Outdoor Badminton/Volleyball Net System, Blue', '', 5, 5, 7.03, 0, 7),
(381, 'R&amp;L Glow Golf Balls for Night Sports - Tournament Fluorescent Glowing in The Dark Golf Ball - Long Lasting Bright Luminous Balls', '', 5, 7, 29.95, 0, 8),
(382, 'Under Armour Boys Prototype Logo Shorts', '', 5, 4, 40, 0, 3),
(383, 'Amazon Essentials Womens 6-Pack Performance Cotton Cushioned Athletic Ankle', '', 5, 2, 2.03, 0, 6),
(384, 'BenchMaster Weapon Rack XBlock BMWRXBLK Rest Gun Bench Shooting, Grey, 7.8', '', 5, 9, 2.34, 0, 7),
(385, 'RAYPOSE Women’s Workout Running Capris Leggings Pocket Tummy Control High Waist Yoga Pants', '', 5, 6, 7.3, 0, 6),
(386, 'Champion Mens Graphic Powerblend Fleece Short', '', 5, 3, 34.24, 0, 9),
(387, 'WILLBOND 100 Pack Ball Pump Needles Inflating Needles with Container Storage Box for Sports Balls, Football and Basketball', '', 5, 6, 9.99, 0, 2),
(388, 'Fruit of the Loom Womens Adjustable Shirred Front Racerback Bra, 3-Pack', '', 5, 4, 13.98, 0, 6),
(389, 'AIM Sports Shotgun Shell Bandolier/56 Rounds', '', 5, 4, 4.08, 0, 8),
(390, 'Stoneman Sports 3 Paddleboard and SUP Storage Rack and Display Stand', '', 5, 5, 1.22, 0, 6),
(391, 'Nike Sportswear Mens T-Shirt', '', 5, 7, 58.63, 0, 4),
(392, 'FITTIN Crossback Sports Bras for Women - Padded Seamless for Yoga Gym Workout Fitness', '', 5, 0, 24, 0, 7),
(393, 'Wild Sports 2x3 Wood Stars &amp; Stripes Flag Cornhole Set, Red/White/Blue', '', 5, 1, 9.13, 0, 6),
(394, 'UniqueFit Lucky-M Kids Outdoor Sports Protective Gear,Boys and Girls Safety Pads Set [Helmet,Knee&amp;Elbow Pads and Wrist Guards] for Roller, Scooter, Skateboard, Bicycle(3-8 Years Old)', '', 5, 5, 23.99, 0, 9),
(395, 'FITTIN Racerback Sports Bras for Women- Padded Seamless High Impact Support for Yoga Gym Workout Fitness', '', 5, 3, 25, 0, 7),
(396, 'Skechers Mens Equalizer 2.0 True Balance Sneaker', '', 5, 5, 68.69, 0, 6),
(397, 'adidas Boys Tricot Pant', '', 5, 2, 32.96, 0, 8),
(398, 'Pop-A-Shot Official Dual Shot Sport Arcade Basketball Game', '', 5, 0, 7.6, 0, 1),
(399, 'MIRITY Women Racerback Sports Bras - High Impact Workout Gym Activewear Bra', '', 5, 0, 2.04, 0, 1),
(400, 'Shock Doctor Compression Shorts with Bio-Flex Supporter Cup Included. Boys,Youth &amp; Adult Men', '', 5, 7, 17.42, 0, 9),
(401, 'light &amp; leaf Ruched Yoga Sports Bra Cross Back with Removable Cups Low Support Activewear', '', 5, 4, 5, 0, 1),
(402, '32 DEGREES Ladies Fleece Jogger, Variety', '', 5, 5, 38.49, 0, 9),
(403, 'Women Two Piece Outfits Short Sleeve Lip Print Shirt and High Waist Leggings Tracksuit Set Summer Beach Club Wear', '', 5, 7, 13, 0, 2),
(404, 'Champion Womens Jersey Pocket Pant', '', 5, 6, 13.15, 0, 8),
(405, 'icyzone Sports Bras for Women - Activewear Strappy Padded Workout Exercise Yoga Tops Bra', '', 5, 6, 6.39, 0, 9),
(406, 'Bestisun Womens High Waist Workout Gym Leggings Tummy Control Yoga Running Pants', '', 5, 7, 3.99, 0, 2),
(407, 'AURIQUE Womens Capri Yoga Legging with Wide Horizontal Stripes', '', 5, 3, 12.08, 0, 1),
(408, 'Champion Womens 6.2 Double Dry Performance Capri Legging', '', 5, 3, 29.99, 0, 7),
(409, 'Womens InTouch Activewear Basics Ladies Jersey Cotton Shorts, Black - Medium', '', 5, 2, 3.07, 0, 3),
(410, 'icyzone Workout Running Shorts for Women - Yoga Exercise Athletic Shorts Capris', '', 5, 8, 4, 0, 6),
(411, 'Hotexy Womens Workout 2 Pieces Set High Waisted Yoga Leggings with Stretch Sports Bra, A Pink, M', '', 5, 8, 1.44, 0, 4),
(412, 'Womens Mermaid Plus Size Sexy Solid Gauze Patchwork Ruffles Party Long Skirt', '', 5, 2, 19.39, 0, 1),
(413, 'CAMELSPORTS Womens Skort Tennis Golf Skirt with Pockets Athletic Skort with Shorts for Running Sports', '', 5, 3, 27.05, 0, 8),
(414, 'JUXU Sport Womens Plus Performance Capri Legging', '', 5, 3, 29.99, 0, 2),
(415, 'SPRING SEAON Padded Strappy Sports Bra for Women Sexy Crisscross Back Activewear Tops for Yoga Bra Gym Workout Running', '', 5, 7, 5, 0, 5),
(416, 'Champion Womens Heathered Jersey Short', '', 5, 8, 18.32, 0, 8),
(417, 'Hawiton Womens Sports Bra Medium Support Yoga Bras Workout Gym Activewear Size M Black', '', 5, 6, 12.99, 0, 3),
(418, 'Lovely Creations Womens Drape Harem Aladdin Loose Elastic Waist Pants', '', 5, 5, 19.99, 0, 5),
(419, '3 Pieces Mini Camisole Bra Wireless Padded Bra Tank Top Bra Seamless Sports Bra with Straps for Women Girls', '', 5, 8, 1, 0, 1),
(420, 'Augusta Sportswear Womens 987', '', 5, 5, 13.08, 0, 7),
(421, 'ALISISTER Toddler Little Girl Swimsuit Ruffle Bathing Suit One Piece Swimwear', '', 5, 3, 8.77, 0, 1),
(422, 'FITTIN Racerback Sports Bras for Women- Padded Seamless High Impact Support for Yoga Gym Workout Fitness', '', 5, 1, 25, 0, 6),
(423, 'AEKO Womens Active Fitness Sports Yoga Booty Shorts for Running Gym Workout', '', 5, 8, 1.2, 0, 6),
(424, 'Z&amp;A Womens Warm Fleece Pants Sherpa Lined Sweatpants Active Running Joggers Pants', '', 5, 5, 3.43, 0, 3),
(425, 'Women High Waist Seamless Leggings Scrunch Hollow Gym Tight Butt Lift Yoga Pants', '', 5, 5, 5, 0, 8),
(426, 'Woman Within Womens Plus Size Fleece Sweatsuit', '', 5, 3, 22.09, 0, 9),
(427, 'Bise Womens Yoga Top Sports Bra Adding Volume None Removable Padding Breathable Race Back', '', 5, 4, 1.45, 0, 4),
(428, 'Champion Authentic Womens Jersey Pants', '', 5, 9, 15.83, 0, 6),
(429, 'beautyin Womens Cross Back Sports Bra Strappy Workout Yoga Tops S-XL', '', 5, 7, 8.6, 0, 7),
(430, 'Layer 8 Womens Performance Max Support Zip Front Sports Bra', '', 5, 7, 2.45, 0, 5),
(431, 'Womens Quick Dry Hiking Convertible Cargo Pants #4409-Khaki,S 28', '', 5, 5, 9.4, 0, 6),
(432, 'Capricia Odare Womens Seamless Wirefree Racerback Adjustable Straps Yoga Sports Bra', '', 5, 1, 22.92, 0, 6),
(433, 'Ramoug Womens 2 Piece Sports Outfits Pajamas Set Loose T Shirt Capri Pants Outfits XXL Green', '', 5, 3, 7.81, 0, 7),
(434, 'Tough Cookies Womens Triblend Cargo Long Pants Plain (Made in USA)', '', 5, 6, 20.99, 0, 7),
(435, 'Women Racerback Sports Bras High Impact Workout Yoga Gym Fitness Bra', '', 5, 0, 18, 0, 9),
(436, 'Champion Womens Absolute Cami Sports Bra with SmoothTec Band', '', 5, 2, 13, 0, 8),
(437, 'icyzone Sports Bras for Women - Activewear Strappy Padded Workout Yoga Tops Bra', '', 5, 3, 4.2, 0, 6),
(438, 'Womens Long Sleeve Cat Ear Hoodies Pullover Hoodie Fleece Color Block Button', '', 5, 4, 1.71, 0, 3),
(439, 'uxcell Women Removeable Pads Wirefree Sleep Vest Tops Bra', '', 5, 0, 11.99, 0, 4),
(440, 'RIOJOY Womens High Waisted Workout Vital Seamless Leggings Butt Lift Tummy Control Yoga Pants Compression Gym Booty Tights', '', 5, 2, 13, 0, 9),
(441, 'COOrun Womens Shorts Active Athletic Sport Running Shorts with Liner Stretchy Shorts High Waist Side Pockets', '', 5, 7, 19.99, 0, 7),
(442, 'Tangerine Womens Color Block Active Leggins (Medium, Black/Heather/Blush)', '', 5, 6, 7.9, 0, 1),
(443, 'oodji Ultra Womens Jersey Active Pants', '', 5, 8, 6.08, 0, 1),
(444, 'Summer Clearanc!Womens Solid Shorts Causal Sexy Home Fitness Short Pants by-NEWONESUN', '', 5, 1, 6.08, 0, 9),
(445, 'Colosseum Active Womens Moisture Wicking Nadia Legging with Pockets (Black, Medium)', '', 5, 2, 6.87, 0, 1),
(446, 'Yvette Sports Bra for Women - High Impact Mesh for Breathable Sexy', '', 5, 7, 3.08, 0, 3),
(447, 'DAYOUNG Womens Bootcut Yoga Pants with Pockets,Long Bootleg Flare Tummy Control Workout Running Pants YWK11-Black-M', '', 5, 9, 6.65, 0, 1),
(448, 'Fishers Finery Womens Ecofabric Low Impact Wireless Sleep Yoga Bra', '', 5, 8, 18.99, 0, 9),
(449, 'KIWI RATA Womens High Waist Workout Compression Seamless Fitness Yoga Leggings Butt Lift Active Tights Stretch Pants', '', 5, 1, 8, 0, 5),
(450, 'STORTO Women Highly Elastic Thread Split 2 Piece Set Sportswear Casual Bodycon Outfit Sportswear', '', 5, 8, 21.99, 0, 9),
(451, 'SweatyRocks Womens Summer Athletic Skirt with Drawstring Waist and Pockets Black S', '', 5, 9, 2.83, 0, 7),
(452, 'MOPAS Yoga Pants with Fold Over Solid Waistband', '', 5, 6, 20.4, 0, 8),
(453, 'FITTIN Womens Strappy Yoga Bra - Seamless Padded Medium Support for Sports Gym Workout Fitness', '', 5, 2, 4.08, 0, 9),
(454, 'Chigant Womens Hiking Cargo Pants Quick Dry Lightweight Outdoor Water Resistant Camping Pants with Pockets', '', 5, 4, 29.99, 0, 6),
(455, 'Tough Cookies Womens Triblend Cargo Long Pants Plain (Made in USA)', '', 5, 6, 20.99, 0, 5),
(456, 'Kosher Casual Womens Modest Sleeveless Undershirt - Full Shoulder High Neck Layering Shell', '', 5, 4, 14, 0, 7),
(457, 'Layer 8 Womens Performance Max Support Zip Front Sports Bra', '', 5, 0, 2.45, 0, 5),
(458, 'Emmalise Womens Full Ankle Length Layering Seamless Leggings Ankle Length', '', 5, 9, 7.43, 0, 1),
(459, 'Kirkland Signature Ladies Reversible Full Zip Jacket - Blue,XXLarge', '', 5, 7, 9.8, 0, 3),
(460, 'ZL Magic Seamless Daily Bra Wireless Sleep Bra Cami Yoga Bra with Removable Pads Zero Feeling', '', 5, 5, 16.36, 0, 2),
(461, 'Amazon Essentials Womens Light-Support Seamless Zip-Front Sports Bra', '', 5, 6, 17.5, 0, 3),
(462, 'Jockey Womens Capri Legging with Wide Waistband', '', 5, 7, 18.03, 0, 6),
(463, 'C9 Champion Womens Medium Support Seamless Cami Bra', '', 5, 8, 19.99, 0, 8),
(464, 'Womens Yoga Sports Bra Strappy Back Gym Bras Low Impact Fitness Activewear with Removable Padded', '', 5, 8, 2, 0, 4),
(465, 'BEAGIMEG Womens Sexy 2 Piece Outfit Crop Top Bodycon High Waist Shorts', '', 5, 4, 6, 0, 9),
(466, 'Amazon Brand - Core 10 Womens (XS-3X) Icon Series The Track Star Sports Bra', '', 5, 8, 27.2, 0, 7),
(467, 'JUST MY SIZE Active Blocked Capris', '', 5, 1, 8.21, 0, 6),
(468, 'Hanes Womens French Terry Bermuda Short', '', 5, 5, 12.95, 0, 2),
(469, 'Yogalicious Nude Tech Half Zip Long Sleeve Jacket with Front Pockets', '', 5, 8, 18.97, 0, 7),
(470, 'JACK SMITH Womens Stretchy Knee Length Skirt Athletic Skort Drawstring Waist with Pockets', '', 5, 8, 26.99, 0, 7),
(471, '90 Degree By Reflex High Waist Tummy Control Squat Proof Ankle Length Leggings with Pockets', '', 5, 2, 35.95, 0, 3),
(472, 'Amazon Essentials Womens Studio Terry Long-Sleeve Full-Zip Jacket', '', 5, 7, 23, 0, 4),
(473, 'Womans Comfortable Cross Tie Cuff Slim Yoga Pants Jogger Workout Capri Spandex Activewear Legging', '', 5, 9, 19.99, 0, 4),
(474, 'Yvette High Impact Women Sports Bra Front Closure Double Deck Mesh Running Bra for Plus Size for Plus Size', '', 5, 8, 8, 0, 9),
(475, 'YIANNA Sports Bras for Women Cross Back Padded Sports Bra Medium Support Workout Running Yoga Bra', '', 5, 7, 3, 0, 7),
(476, 'Epic MMA Gear Spandex Yoga Booty Shorts, 3\" Inseam', '', 5, 4, 10, 0, 6),
(477, 'Jockey Womens Size Plus Ankle Legging', '', 5, 8, 3.1, 0, 8),
(478, 'HDE Striped Joggers Pants for Women Active Yoga Jogger Sweatpants with Pockets', '', 5, 1, 9.99, 0, 3),
(479, 'Heathyoga Women’s Printed Leggings with Pockets High Waisted Printed Yoga Pants with Pockets Workout Leggings Running Tights', '', 5, 9, 7, 0, 8),
(480, '3 Pack Head Women’s Peek Through Racerback Sports Bras Reflective Blue Pink Purple for Women', '', 5, 8, 1.69, 0, 2),
(481, 'Oyamiki Womens Active Athletic Skort Lightweight Tennis Skirt Perfect for Running Training Sports Golf', '', 5, 7, 3, 0, 4),
(482, 'JOYMODE Womens High Waisted Leggings Mesh Ankle Length Yoga Pants Inner Pockets', '', 5, 5, 2, 0, 8),
(483, 'Amazon Essentials Womens Studio Woven Stretch Short', '', 5, 1, 18, 0, 7),
(484, 'FITTIN Racerback Sports Bras for Women- Padded Seamless Support for Yoga Gym Workout', '', 5, 7, 16, 0, 1),
(485, 'Power Flex Squat Proof High Waist Ankle Length Leggings - Tummy Control Leggings for Women', '', 5, 7, 19.99, 0, 6),
(486, 'Oyamiki Womens Active Athletic Skort Lightweight Tennis Skirt Perfect for Running Training Sports Golf', '', 5, 2, 3, 0, 4),
(487, 'DAYOUNG Womens Bootcut Yoga Pants High Waist Flared Long Bootleg Trousers for Running Pants', '', 5, 5, 16.73, 0, 9),
(488, 'Emprella Bike Shorts Women, 2-Pack Spandex Biker Short for Yoga Gym Biking or Slip Shorts', '', 5, 3, 15.99, 0, 1),
(489, 'HISKYWIN 5\"/8\" Inseam High Waist Women Yoga Shorts Tummy Control Stretch Workout Running Shorts with Pockets', '', 5, 4, 9.65, 0, 3),
(490, 'ZOANO Womens Active Athletic Skort Lightweight Skirt with Pockets for Performance Training Tennis Golf &amp; Running', '', 5, 9, 9, 0, 1),
(491, 'Wingslove Womens Sports Bra High Impact Full Coverage Supportive Workout Bra', '', 5, 1, 22.99, 0, 8),
(492, 'Anza Womens Activewear Dance Booty Shorts Gym Workout Yoga Shorts', '', 5, 8, 3, 0, 3),
(493, 'Hanes Womens X-Temp Thermal Printed Pant (25456)', '', 5, 0, 2, 0, 1),
(494, 'beroy Womens Activewear Shorts Yoga Workout Pants High Waist Training Running with Two Side Pockets', '', 5, 2, 1.93, 0, 8),
(495, 'Yvette Sports Bras for Women High Support for Workout', '', 5, 8, 27.99, 0, 1),
(496, 'Bokeley Women Camouflage Running Yoga Gym Fitness Sport Pants Low-Waist Shorts Breathable Pants', '', 5, 2, 8.47, 0, 4),
(497, 'Champion Logo Sports Bra Black Granite X-Large', '', 5, 0, 12.75, 0, 5),
(498, 'coastal rose Womens Sports Bras for Women Strappy Longline Sports Bra Medium Impact Workout Tops', '', 5, 3, 12.99, 0, 8),
(499, 'Power Flex Squat Proof High Waist Ankle Length Leggings - Tummy Control Leggings for Women', '', 5, 2, 19.99, 0, 5),
(500, 'Carole Martin Wireless Racerback Sport Bra with Low Impact for Yoga Cycling Hiking Fitness', '', 5, 2, 4.04, 0, 9),
(501, 'Good Brief Mens Sleeveless Lightweight French Terry Zip-Up Hoodie', '', 6, 2, 20.99, 0, 7),
(502, 'DRIEQUIP - Tall Long Sleeve Moisture Wicking Athletic Shirts in Mens Sizes LT-4XLT', '', 6, 9, 3, 0, 8),
(503, 'Gildan Youth 7.75 oz. Heavy Blend 50/50 Hood - Light Pink - S G185B-simple', '', 6, 9, 18.69, 0, 4),
(504, 'Starter Mens Standard Mesh Short with White Logo', '', 6, 2, 14.1, 0, 7),
(505, 'Galaxy By Harvic Mens Full Zip Fleece Hooded Sweatshirt', '', 6, 0, 1.35, 0, 8),
(506, 'VEZAD Mens Tracksuit Ethnic Style Printed Cotton And Linen Long-Sleeved Shirt + Pants Suit', '', 6, 3, 17.06, 0, 8),
(507, 'Capturelove Mens Shark Pattern Camouflage Cotton Stitching Shorts', '', 6, 0, 6.68, 0, 7),
(508, 'IZOD Mens Short Sleeve Logo T Shirt', '', 6, 4, 0.21, 0, 5),
(509, 'Joes USA Vintage States T-Shirts-Regular Big and Tall', '', 6, 7, 9, 0, 1),
(510, 'Farmed Out Mens Casual Jogger Shorts (Beige, M)', '', 6, 8, 2.21, 0, 9),
(511, 'Champion Mens Achievement Pullover Basic Fleece Hoodie, Cardinal Red', '', 6, 0, 4, 0, 1),
(512, 'SFE Mens Autumn Winter Long Sleeve Zipper Leisure Suit Tops Pants Sets Tracksuit 2 Pack', '', 6, 2, 7.47, 0, 7),
(513, 'adidas Originals Mens Bodega Super a Tee', '', 6, 6, 34, 0, 1),
(514, 'Joes USA - 6.1 Ounce 100% Cotton T-Shirts. in 68 Colors Sizes S-5XL', '', 6, 6, 12, 0, 8),
(515, 'Hanes Mens Nano-T T-Shirt', '', 6, 2, 16.04, 0, 9),
(516, 'Sport-Tek Mens Long Sleeve PosiCharge Competitor Tee', '', 6, 7, 16.71, 0, 2),
(517, 'New Men Sports Apparel Skin Tights Compression Base Under Layer Running Shorts', '', 6, 8, 6.64, 0, 1),
(518, 'YoungLA Gym Hoodie for Men | Soft Athletic Training Workout Hoodies with Zipper 516 Cmbk XL Black Camo', '', 6, 4, 6.64, 0, 4),
(519, 'Joes USA Lightweight Jersey Raglan Hooded Full-Zip T-Shirt Hoodies', '', 6, 8, 2.06, 0, 5),
(520, 'Your Brother, My Brother Military Short Sleeve Tee', '', 6, 1, 5, 0, 3),
(521, 'Bella Canvas Jersey Short-Sleeve T-Shirt (3001C) Heather Orange, XL', '', 6, 9, 8.37, 0, 4),
(522, 'FootJoy New Performance Golf Shorts Previous Season 32', '', 6, 1, 3.02, 0, 9),
(523, 'Denali Performance Men’s Teaser UPF 50+ ProtectUV Mega Solar Long Sleeve T-Shirt', '', 6, 5, 22.95, 0, 3),
(524, 'Rdruko Mens Hiking Pants Lightweight Quick Dry Stretch Climbing Travel Pants with Pockets', '', 6, 3, 21.99, 0, 6);
INSERT INTO `products` (`id`, `name`, `description`, `category`, `quantity`, `price`, `rating`, `seller_id`) VALUES
(525, 'AIRIKE Mens Running Pants Fleece Workout Sweatpants Zipper Pockets Solid Marled Black (S-2XL)', '', 6, 7, 2, 0, 7),
(526, 'Gildan Mens Ultra Cotton Long Sleeve T-Shirt, Style G2400', '', 6, 7, 17.38, 0, 7),
(527, 'Denali Performance Fishing Men’s Teaser UPF 50+ ProtectUV Mega Solar Tarpon', '', 6, 4, 28.95, 0, 5),
(528, 'AnyBody Cozy Knit Jogger Pants Seaming A349792', '', 6, 3, 6, 0, 3),
(529, 'HARBETH Mens Quick Dry 4 Way Stretch Short Raglan Sleeve Tech Hoodie Tee Shirts', '', 6, 4, 29.99, 0, 6),
(530, 'Gildan Mens Short Sleeve Soft-Style T-Shirt', '', 6, 1, 15.15, 0, 7),
(531, 'Amazon Essentials Mens Regular-fit Short-Sleeve Print Shirt', '', 6, 8, 16.5, 0, 7),
(532, 'CYZ Mens Jogger Sweatpants Tracksuit Bottoms Training Running Trousers', '', 6, 3, 16.99, 0, 9),
(533, '32 DEGREES Mens Heat Baselayer Active Lounge Pajama Underwear Legging', '', 6, 5, 25.11, 0, 9),
(534, 'PAIZH Mens Camouflage Print Sleeveless Hoodie Bodybuilding Hooded Tank Top', '', 6, 0, 17.99, 0, 2),
(535, 'Vertical Sport Mens Active Basic Joggers with Pockets Athletic Fit Closed Bottom Light Weight Fleece Sweatpant', '', 6, 4, 6.49, 0, 3),
(536, 'Koloa Surf Side Logo Heavy Cotton T-Shirts in Regular, Big and Tall', '', 6, 7, 9, 0, 8),
(537, 'COOFANDY Mens Gym Tank Tops Workout Muscle Tee Training Bodybuilding Fitness T Shirts (Black, Medium)', '', 6, 2, 7.64, 0, 6),
(538, 'Monsta Clothing Co. Mens Bodybuilding Workout (Self Made) Athletic Gym T-Shirt', '', 6, 1, 15.96, 0, 3),
(539, 'Gerlobal Mens Joggers Sweatpants Workout Running Gym Pants with Zipper Pockets', '', 6, 9, 3.92, 0, 8),
(540, 'COOFANDY Mens Soft Comfort Twill Jogger Pants Relaxed-Fit Casual Pocket Sweatpant', '', 6, 3, 1, 0, 1),
(541, 'adidas Originals Mens Blackbird Solid', '', 6, 7, 26.43, 0, 3),
(542, '9.3 oz. 50/50 Fleece Crew (G120)', '', 6, 7, 15.48, 0, 1),
(543, 'Gildan G185 Heavy Blend Adult Hooded Sweatshirt', '', 6, 6, 24.91, 0, 8),
(544, 'Gamer Gifts Video Game Merchandise Gaming Funny Raglan Baseball Tee Shirt', '', 6, 5, 10, 0, 4),
(545, 'Champion Mens Athletic Open Bottom Jersey Pants', '', 6, 0, 0.62, 0, 1),
(546, '9 Crowns Essentials Mens IP Premium Quality Fleece Jogger Pants', '', 6, 3, 14.99, 0, 3),
(547, 'Amazon Brand - Peak Velocity Mens Build Your Own No-liner Training Short (Multiple Inseams)', '', 6, 4, 6.5, 0, 6),
(548, 'Hanes Mens ComfortBlend EcoSmart Crewneck T-Shirt', '', 6, 6, 14.63, 0, 6),
(549, 'Pro Club Mens Comfort Muscle Tee', '', 6, 2, 17.4, 0, 5),
(550, 'HaoMay Mens Active Winter Fleece Pants Elastic Waist Sherpa Lined Sweatpants', '', 6, 5, 7, 0, 5),
(551, 'Mersenne Mens Mesh Shorts Pockets Lightweight Basketball Running Big&amp;Tall Size S-5XL', '', 6, 2, 3, 0, 2),
(552, 'Neleus Mens 3 Pack Athletic Compression Short,6028,Black,US XL,EU 2XL', '', 6, 5, 5.95, 0, 1),
(553, 'Joes USA Long Sleeve Moisture Wicking Athletic Shirts in Regular, Big and Tall', '', 6, 0, 11, 0, 8),
(554, 'Mens Hoodie Shirts, Short Sleeve Tops Summer Sport Slim Fit Raglan Blouse Pleats Gym Running Beach Wear', '', 6, 2, 1, 0, 3),
(555, 'CATENA Mens Cycling Jersey Long Sleeve Shirt Running Top Moisture Wicking Workout Sports T-Shirt', '', 6, 0, 3, 0, 3),
(556, 'Shedd Shirts Navy Houston ASTERISKS Cheaters T-Shirt', '', 6, 9, 2.14, 0, 5),
(557, 'Gildan Adult Unisexs Basic Joggers', '', 6, 4, 16.99, 0, 2),
(558, 'GASP Pro Mesh Shorts, 11\" Mens Workout Shorts with Zipper Pockets, Gym Shorts', '', 6, 2, 29, 0, 7),
(559, 'WT02 Mens NASA Collection Fleece Jogger Pants', '', 6, 4, 1.97, 0, 3),
(560, 'DRIEQUIP Moisture Wicking Hooded Long Sleeve Shirts Sizes XS-4XL', '', 6, 7, 6, 0, 3),
(561, 'Mens Tracksuit Set Camouflage Sweatshirt Jogger Sweatpants Solid Patchwork Warm Sports Suit', '', 6, 9, 8.92, 0, 6),
(562, 'MJ Soffe Mens Pro Weight Long-Sleeve T-Shirt', '', 6, 1, 1.12, 0, 2),
(563, 'Hanes Cool Dri Tagless Mens T-Shirt', '', 6, 9, 11.13, 0, 2),
(564, 'GASP Pro Mesh Shorts, 11\" Mens Workout Shorts with Zipper Pockets, Gym Shorts', '', 6, 5, 29, 0, 4),
(565, 'Hoodie Jacket - Mens Terry Fabric Zip Up Heavy Weight Hoodie Jacket', '', 6, 9, 15.95, 0, 7),
(566, 'SAND.SALT.SURF.SUN. Polynesian Sea Turtle Mens UPF 50+ UV Sun Protection Performance Short Sleeve T-Shirt', '', 6, 9, 29.95, 0, 3),
(567, 'Trevco Mens NCIS Short Sleeve T-Shirt', '', 6, 9, 25.7, 0, 1),
(568, '32 DEGREES Mens Stretch Woven 11\" Shorts', '', 6, 1, 6.59, 0, 4),
(569, 'Bluejack Clothing Packers Football Mens T-Shirt Sports Team 3289', '', 6, 2, 5.5, 0, 1),
(570, 'Mens Sexy Mesh See Through Pants,Loose Transparent Home Lounge Casual Long Trousers Nightwear Pajamas Bottoms', '', 6, 9, 4.99, 0, 2),
(571, 'Hanes Adult Beefy-T Long-Sleeve T-Shirt', '', 6, 1, 14.72, 0, 4),
(572, 'Gildan Mens G240 Ultra Cotton Long Sleeve T-Shirt', '', 6, 5, 17.45, 0, 2),
(573, 'Mens Rainbow Gay Flag Black Fleece Gym Jogger Sweatpants', '', 6, 4, 5, 0, 7),
(574, 'RaanPahMuang Japanese Formal Edo Courtesan Pants with Tied Cuffs and Woven Patches', '', 6, 2, 21.58, 0, 3);

-- --------------------------------------------------------

--
-- Struttura della tabella `reviews`
--

CREATE TABLE `reviews` (
  `id` int(11) NOT NULL,
  `time` timestamp NOT NULL DEFAULT current_timestamp() ON UPDATE current_timestamp(),
  `user_id` int(11) NOT NULL,
  `prod_id` int(11) NOT NULL,
  `vote` double NOT NULL,
  `review` text DEFAULT NULL
) ENGINE=InnoDB DEFAULT CHARSET=utf8mb4;

--
-- Dump dei dati per la tabella `reviews`
--

INSERT INTO `reviews` (`id`, `time`, `user_id`, `prod_id`, `vote`, `review`) VALUES
(137, '2021-02-05 20:51:35', 6, 30, 4, 'Commento 1'),
(138, '2021-02-05 20:51:41', 6, 78, 2, 'test'),
(139, '2021-02-05 20:51:53', 6, 41, 5, 'Che bel prodotto');

--
-- Trigger `reviews`
--
DELIMITER $$
CREATE TRIGGER `yourNewTrigger` AFTER INSERT ON `reviews` FOR EACH ROW UPDATE products p SET p.rating = 
    (SELECT SUM(vote)/COUNT(*) FROM reviews r WHERE r.prod_id = NEW.prod_id GROUP BY r.prod_id)
    WHERE p.id = NEW.prod_id
$$
DELIMITER ;

-- --------------------------------------------------------

--
-- Struttura della tabella `sellers`
--

CREATE TABLE `sellers` (
  `id` int(11) NOT NULL,
  `name` varchar(30) NOT NULL,
  `surname` varchar(30) NOT NULL
) ENGINE=InnoDB DEFAULT CHARSET=utf8mb4;

--
-- Dump dei dati per la tabella `sellers`
--

INSERT INTO `sellers` (`id`, `name`, `surname`) VALUES
(7, 'Caroline', 'Boyle'),
(1, 'Ellsworth', 'Hudson'),
(2, 'Jeromy', 'Leuschke'),
(9, 'Jo', 'Nikolaus'),
(3, 'Kristy', 'Gaylord'),
(5, 'Maryam', 'Keebler'),
(8, 'Nelda', 'Weber'),
(4, 'Paris', 'Herzog'),
(6, 'Petra', 'Price'),
(10, 'Tyrique', 'Connelly');

-- --------------------------------------------------------

--
-- Struttura della tabella `users`
--

CREATE TABLE `users` (
  `id` int(11) NOT NULL,
  `name` varchar(30) NOT NULL,
  `surname` varchar(30) NOT NULL,
  `username` varchar(50) NOT NULL,
  `password` varchar(255) NOT NULL,
  `email` varchar(30) NOT NULL
) ENGINE=InnoDB DEFAULT CHARSET=utf8mb4;

--
-- Dump dei dati per la tabella `users`
--

INSERT INTO `users` (`id`, `name`, `surname`, `username`, `password`, `email`) VALUES
(6, 'Thora', 'Gaylord', 'elise41', 'e1229bab1c271d1f1796cb0c52ab9933', 'rogahn.keon@example.org'),
(11, 'Alessio', 'Vannella', 'alessio.vannella', '45cb41b32dcfb917ccd8614f1536d6da', 'a@a.com');

-- --------------------------------------------------------

--
-- Struttura della tabella `visited`
--

CREATE TABLE `visited` (
  `id` int(11) NOT NULL,
  `time` timestamp NOT NULL DEFAULT current_timestamp() ON UPDATE current_timestamp(),
  `user_id` int(11) NOT NULL,
  `prod_id` int(11) NOT NULL
) ENGINE=InnoDB DEFAULT CHARSET=utf8mb4;

--
-- Dump dei dati per la tabella `visited`
--

INSERT INTO `visited` (`id`, `time`, `user_id`, `prod_id`) VALUES
(21, '2021-01-03 19:10:29', 6, 1),
(22, '2021-01-03 19:12:43', 6, 1),
(23, '2021-01-03 19:18:43', 6, 1),
(24, '2021-01-04 17:30:51', 6, 5),
(25, '2021-01-05 18:38:47', 6, 302),
(26, '2021-01-06 09:11:54', 6, 1),
(27, '2021-01-06 19:12:01', 6, 207),
(28, '2021-01-06 19:12:36', 6, 207),
(29, '2021-01-06 19:12:55', 6, 28),
(30, '2021-01-06 19:14:00', 6, 1),
(31, '2021-01-06 19:14:22', 6, 1),
(32, '2021-01-06 19:35:17', 6, 1),
(33, '2021-01-06 19:40:00', 6, 1),
(34, '2021-01-06 19:40:01', 6, 1),
(35, '2021-01-06 19:40:22', 6, 1),
(36, '2021-01-06 19:41:04', 6, 1),
(37, '2021-01-06 19:41:13', 6, 1),
(38, '2021-01-06 19:42:56', 6, 1),
(39, '2021-01-06 19:43:30', 6, 1),
(40, '2021-01-06 22:08:55', 6, 1),
(41, '2021-01-06 22:09:02', 6, 1),
(42, '2021-01-06 22:10:54', 6, 1),
(43, '2021-01-06 22:11:05', 6, 1),
(44, '2021-01-06 22:13:16', 6, 1),
(45, '2021-01-06 22:14:02', 6, 10),
(46, '2021-01-06 22:14:23', 6, 10),
(47, '2021-01-06 22:14:29', 6, 10),
(48, '2021-01-06 22:15:14', 6, 10),
(49, '2021-01-06 22:15:25', 6, 10),
(50, '2021-01-06 22:15:31', 6, 10),
(51, '2021-01-06 22:15:39', 6, 10),
(52, '2021-01-06 22:15:56', 6, 10),
(53, '2021-01-06 22:16:08', 6, 10),
(54, '2021-01-06 22:16:44', 6, 10),
(55, '2021-01-06 22:16:52', 6, 10),
(56, '2021-01-06 22:17:10', 6, 10),
(57, '2021-01-06 22:17:28', 6, 10),
(58, '2021-01-06 22:17:48', 6, 10),
(59, '2021-01-06 22:17:56', 6, 10),
(60, '2021-01-06 22:18:39', 6, 10),
(61, '2021-01-06 22:19:27', 6, 10),
(62, '2021-01-06 22:19:28', 6, 10),
(63, '2021-01-06 22:19:33', 6, 10),
(64, '2021-01-06 22:19:42', 6, 10),
(65, '2021-01-06 22:20:00', 6, 10),
(66, '2021-01-06 22:20:18', 6, 10),
(67, '2021-01-06 22:27:52', 6, 10),
(68, '2021-01-06 22:29:02', 6, 10),
(69, '2021-01-06 22:29:13', 6, 10),
(70, '2021-01-06 22:30:30', 6, 10),
(71, '2021-01-06 22:30:33', 6, 10),
(72, '2021-01-06 22:30:40', 6, 10),
(73, '2021-01-06 22:31:12', 6, 10),
(74, '2021-01-06 22:31:15', 6, 10),
(75, '2021-01-06 22:32:10', 6, 10),
(76, '2021-01-06 22:34:59', 6, 10),
(77, '2021-01-06 22:35:04', 6, 11),
(78, '2021-01-06 22:35:33', 6, 125),
(79, '2021-01-06 22:42:25', 6, 1),
(80, '2021-01-06 22:45:18', 6, 10),
(81, '2021-01-06 22:46:35', 6, 8),
(82, '2021-01-06 22:47:54', 6, 8),
(83, '2021-01-06 22:51:51', 6, 8),
(84, '2021-01-06 22:57:52', 6, 1),
(85, '2021-01-06 22:57:57', 6, 12),
(86, '2021-01-06 22:58:05', 6, 12),
(87, '2021-01-06 22:58:12', 6, 12),
(88, '2021-01-06 22:58:33', 6, 12),
(89, '2021-01-06 22:58:45', 6, 12),
(90, '2021-01-06 23:04:26', 6, 12),
(91, '2021-01-06 23:04:29', 6, 18),
(92, '2021-01-06 23:04:31', 6, 18),
(93, '2021-01-06 23:04:38', 6, 18),
(94, '2021-01-06 23:04:54', 6, 18),
(95, '2021-01-06 23:06:27', 6, 18),
(96, '2021-01-06 23:06:46', 6, 18),
(97, '2021-01-06 23:06:57', 6, 18),
(98, '2021-01-06 23:07:00', 6, 18),
(99, '2021-01-06 23:07:01', 6, 12),
(100, '2021-01-13 08:15:32', 6, 10),
(101, '2021-01-13 08:15:42', 6, 10),
(102, '2021-01-13 08:38:40', 6, 1),
(104, '2021-01-13 10:33:03', 6, 1),
(106, '2021-01-13 10:33:30', 6, 1),
(109, '2021-01-13 11:32:49', 6, 18),
(110, '2021-01-13 11:32:57', 6, 1),
(111, '2021-01-14 11:00:48', 6, 1),
(112, '2021-01-14 11:01:00', 6, 66),
(113, '2021-01-14 11:01:23', 6, 67),
(114, '2021-01-14 11:02:38', 6, 67),
(115, '2021-01-14 11:03:18', 6, 67),
(116, '2021-01-14 11:10:56', 6, 1),
(117, '2021-01-14 11:11:22', 6, 1),
(118, '2021-01-14 11:11:34', 6, 72),
(119, '2021-01-14 11:12:52', 6, 72),
(120, '2021-01-14 11:13:12', 6, 72),
(121, '2021-01-14 11:19:22', 6, 72),
(122, '2021-01-14 11:20:30', 6, 72),
(123, '2021-01-14 11:21:20', 6, 72),
(124, '2021-01-14 11:27:35', 6, 72),
(125, '2021-01-14 11:30:26', 6, 72),
(126, '2021-01-14 11:30:34', 6, 72),
(127, '2021-01-14 11:30:46', 6, 73),
(128, '2021-01-14 11:31:04', 6, 74),
(129, '2021-01-14 11:32:08', 6, 74),
(130, '2021-01-14 11:32:41', 6, 65),
(131, '2021-01-14 11:38:07', 6, 65),
(132, '2021-01-14 11:38:16', 6, 5),
(133, '2021-01-14 11:39:55', 6, 65),
(134, '2021-01-14 11:40:08', 6, 65),
(135, '2021-01-14 11:40:12', 6, 65),
(136, '2021-01-14 11:41:17', 6, 99),
(137, '2021-01-14 11:42:41', 6, 99),
(138, '2021-01-14 11:43:09', 6, 98),
(139, '2021-01-14 11:43:24', 6, 97),
(140, '2021-01-14 11:43:31', 6, 98),
(141, '2021-01-14 14:40:10', 6, 98),
(142, '2021-01-14 14:50:48', 6, 98),
(143, '2021-01-14 14:50:50', 6, 97),
(144, '2021-01-14 14:56:05', 6, 97),
(145, '2021-01-14 14:56:42', 6, 97),
(146, '2021-01-14 14:58:37', 6, 97),
(147, '2021-01-14 14:58:58', 6, 97),
(148, '2021-01-14 15:00:46', 6, 97),
(149, '2021-01-14 15:02:55', 6, 97),
(150, '2021-01-14 15:03:38', 6, 97),
(151, '2021-01-14 15:04:27', 6, 97),
(152, '2021-01-14 15:10:12', 6, 97),
(153, '2021-01-14 15:10:30', 6, 97),
(154, '2021-01-14 15:10:59', 6, 97),
(155, '2021-01-14 15:11:12', 6, 97),
(156, '2021-01-14 15:11:26', 6, 97),
(157, '2021-01-14 15:11:38', 6, 97),
(158, '2021-01-14 15:11:46', 6, 97),
(159, '2021-01-14 15:12:14', 6, 97),
(160, '2021-01-14 15:12:30', 6, 97),
(161, '2021-01-14 15:12:55', 6, 97),
(162, '2021-01-14 15:13:01', 6, 97),
(163, '2021-01-14 15:13:24', 6, 97),
(164, '2021-01-14 15:13:48', 6, 97),
(165, '2021-01-14 15:15:22', 6, 97),
(166, '2021-01-14 15:15:33', 6, 97),
(167, '2021-01-14 15:23:13', 6, 97),
(168, '2021-01-14 15:24:28', 6, 97),
(169, '2021-01-14 15:24:35', 6, 97),
(170, '2021-01-14 15:25:24', 6, 97),
(171, '2021-01-14 15:26:07', 6, 95),
(172, '2021-01-14 15:26:11', 6, 97),
(173, '2021-01-14 15:39:27', 6, 31),
(174, '2021-01-14 15:50:43', 6, 31),
(175, '2021-01-14 15:50:46', 6, 98),
(176, '2021-01-14 15:50:49', 6, 99),
(177, '2021-01-14 15:50:51', 6, 97),
(178, '2021-01-14 15:52:16', 6, 97),
(179, '2021-01-14 15:52:29', 6, 97),
(180, '2021-01-14 15:53:32', 6, 97),
(181, '2021-01-14 15:53:49', 6, 97),
(182, '2021-01-14 15:54:15', 6, 97),
(183, '2021-01-14 15:54:43', 6, 97),
(184, '2021-01-14 15:55:07', 6, 97),
(185, '2021-01-14 15:59:08', 6, 97),
(186, '2021-01-14 16:01:09', 6, 97),
(187, '2021-01-14 16:01:41', 6, 97),
(188, '2021-01-14 16:04:00', 6, 97),
(189, '2021-01-14 16:08:18', 6, 97),
(190, '2021-01-14 16:09:27', 6, 97),
(191, '2021-01-14 16:09:48', 6, 98),
(192, '2021-01-14 16:10:13', 6, 121),
(193, '2021-01-14 16:11:35', 6, 121),
(194, '2021-01-14 16:11:47', 6, 121),
(195, '2021-01-14 16:12:13', 6, 121),
(196, '2021-01-14 16:12:35', 6, 121),
(197, '2021-01-14 16:13:20', 6, 121),
(198, '2021-01-14 16:13:41', 6, 121),
(199, '2021-01-14 16:13:53', 6, 121),
(200, '2021-01-14 16:18:04', 6, 121),
(201, '2021-01-14 16:18:45', 6, 121),
(202, '2021-01-14 16:20:53', 6, 121),
(203, '2021-01-14 16:21:20', 6, 121),
(204, '2021-01-14 16:21:44', 6, 122),
(205, '2021-01-14 16:33:00', 6, 122),
(206, '2021-01-14 16:33:56', 6, 122),
(207, '2021-01-14 16:34:03', 6, 122),
(208, '2021-01-14 16:34:21', 6, 122),
(209, '2021-01-14 16:34:34', 6, 122),
(210, '2021-01-14 16:34:58', 6, 122),
(211, '2021-01-14 16:35:16', 6, 122),
(212, '2021-01-14 16:36:55', 6, 122),
(213, '2021-01-14 16:37:03', 6, 122),
(214, '2021-01-14 17:04:43', 6, 122),
(215, '2021-01-14 17:06:09', 6, 122),
(216, '2021-01-14 17:06:39', 6, 122),
(217, '2021-01-14 17:07:32', 6, 122),
(218, '2021-01-14 17:07:46', 6, 122),
(219, '2021-01-14 17:08:06', 6, 5),
(220, '2021-01-14 17:08:13', 6, 122),
(221, '2021-01-14 17:17:13', 6, 11),
(222, '2021-01-14 17:28:56', 6, 122),
(223, '2021-01-14 17:32:14', 6, 122),
(224, '2021-01-14 17:42:32', 6, 122),
(225, '2021-01-14 17:42:53', 6, 122),
(226, '2021-01-14 17:43:04', 6, 122),
(227, '2021-01-14 17:43:15', 6, 122),
(228, '2021-01-14 17:43:27', 6, 122),
(229, '2021-01-14 17:45:01', 6, 122),
(230, '2021-01-14 17:45:09', 6, 122),
(231, '2021-01-14 17:47:16', 6, 122),
(232, '2021-01-14 17:50:10', 6, 122),
(233, '2021-01-14 17:52:40', 6, 122),
(234, '2021-01-14 17:53:16', 6, 122),
(235, '2021-01-14 18:17:51', 6, 122),
(236, '2021-01-14 18:17:57', 6, 122),
(237, '2021-01-14 18:18:26', 6, 122),
(238, '2021-01-14 18:18:47', 6, 122),
(239, '2021-01-14 18:23:10', 6, 122),
(240, '2021-01-14 18:23:39', 6, 122),
(241, '2021-01-14 18:24:30', 6, 122),
(242, '2021-01-14 18:24:37', 6, 123),
(243, '2021-01-14 18:26:01', 6, 123),
(244, '2021-01-14 18:26:13', 6, 123),
(245, '2021-01-14 18:26:32', 6, 123),
(246, '2021-01-14 18:26:38', 6, 124),
(247, '2021-01-14 18:27:05', 6, 124),
(248, '2021-01-14 18:27:07', 6, 125),
(249, '2021-01-14 18:30:28', 6, 125),
(250, '2021-01-14 18:31:15', 6, 125),
(251, '2021-01-14 18:31:34', 6, 125),
(252, '2021-01-14 18:31:40', 6, 126),
(253, '2021-01-14 18:31:45', 6, 126),
(254, '2021-01-14 18:39:04', 6, 126),
(255, '2021-01-14 18:39:11', 6, 126),
(256, '2021-01-14 18:40:49', 6, 126),
(257, '2021-01-14 18:40:55', 6, 126),
(258, '2021-01-14 18:41:02', 6, 126),
(259, '2021-01-14 18:41:47', 6, 126),
(260, '2021-01-14 18:42:08', 6, 126),
(261, '2021-01-14 18:42:43', 6, 126),
(262, '2021-01-14 18:42:48', 6, 126),
(263, '2021-01-14 18:43:05', 6, 126),
(264, '2021-01-14 18:43:19', 6, 126),
(265, '2021-01-14 18:44:08', 6, 126),
(266, '2021-01-14 18:44:13', 6, 126),
(267, '2021-01-14 18:44:17', 6, 126),
(268, '2021-01-14 18:44:34', 6, 126),
(269, '2021-01-14 18:44:50', 6, 126),
(270, '2021-01-14 18:44:55', 6, 126),
(271, '2021-01-14 18:45:09', 6, 126),
(272, '2021-01-14 18:45:12', 6, 126),
(273, '2021-01-14 18:45:28', 6, 126),
(274, '2021-01-14 18:46:49', 6, 126),
(275, '2021-01-14 18:46:52', 6, 126),
(276, '2021-01-14 18:50:34', 6, 126),
(277, '2021-01-14 18:50:57', 6, 126),
(278, '2021-01-14 18:51:02', 6, 126),
(279, '2021-01-14 18:51:47', 6, 126),
(280, '2021-01-14 19:00:45', 6, 126),
(281, '2021-01-14 19:01:19', 6, 126),
(282, '2021-01-14 19:03:05', 6, 126),
(283, '2021-01-14 19:03:11', 6, 126),
(284, '2021-01-14 19:03:34', 6, 126),
(285, '2021-01-14 19:04:19', 6, 126),
(286, '2021-01-14 19:05:11', 6, 126),
(287, '2021-01-14 19:05:17', 6, 126),
(288, '2021-01-14 19:06:39', 6, 126),
(289, '2021-01-14 19:06:55', 6, 126),
(290, '2021-01-14 19:14:08', 6, 126),
(291, '2021-01-14 19:14:37', 6, 126),
(292, '2021-01-14 19:15:29', 6, 126),
(293, '2021-01-14 19:15:58', 6, 126),
(294, '2021-01-14 19:16:43', 6, 126),
(295, '2021-01-14 19:17:09', 6, 126),
(296, '2021-01-14 19:17:32', 6, 126),
(297, '2021-01-14 19:17:42', 6, 126),
(298, '2021-01-14 19:17:57', 6, 126),
(299, '2021-01-14 19:18:11', 6, 126),
(300, '2021-01-14 19:18:52', 6, 126),
(301, '2021-01-14 19:19:19', 6, 126),
(302, '2021-01-14 19:20:10', 6, 126),
(303, '2021-01-14 19:20:33', 6, 126),
(304, '2021-01-14 19:24:25', 6, 126),
(305, '2021-01-14 19:28:12', 6, 126),
(306, '2021-01-14 19:28:35', 6, 126),
(307, '2021-01-14 19:28:43', 6, 127),
(308, '2021-01-14 19:29:02', 6, 127),
(309, '2021-01-14 19:31:39', 6, 127),
(310, '2021-01-14 19:32:41', 6, 127),
(311, '2021-01-14 19:32:58', 6, 127),
(312, '2021-01-14 20:07:27', 6, 127),
(313, '2021-01-14 20:07:49', 6, 127),
(314, '2021-01-14 20:08:53', 6, 127),
(315, '2021-01-14 20:09:49', 6, 127),
(316, '2021-01-14 20:10:18', 6, 127),
(317, '2021-01-14 20:10:29', 6, 127),
(318, '2021-01-14 20:18:49', 6, 127),
(319, '2021-01-14 20:19:13', 6, 127),
(320, '2021-01-14 20:20:31', 6, 127),
(321, '2021-01-14 20:22:49', 6, 127),
(322, '2021-01-14 20:23:37', 6, 127),
(323, '2021-01-14 20:34:29', 6, 127),
(324, '2021-01-14 20:34:46', 6, 127),
(325, '2021-01-14 20:34:51', 6, 127),
(326, '2021-01-14 20:47:08', 6, 127),
(327, '2021-01-14 20:48:01', 6, 127),
(328, '2021-01-14 20:48:45', 6, 127),
(329, '2021-01-14 20:49:16', 6, 127),
(330, '2021-01-14 20:49:53', 6, 127),
(331, '2021-01-14 20:50:02', 6, 127),
(332, '2021-01-14 20:50:52', 6, 127),
(333, '2021-01-14 20:55:16', 6, 127),
(334, '2021-01-14 20:55:42', 6, 127),
(335, '2021-01-14 20:56:50', 6, 127),
(336, '2021-01-14 20:57:49', 6, 127),
(337, '2021-01-14 20:58:49', 6, 127),
(338, '2021-01-14 20:59:33', 6, 127),
(339, '2021-01-14 20:59:40', 6, 127),
(340, '2021-01-14 21:00:27', 6, 127),
(341, '2021-01-14 21:00:44', 6, 127),
(342, '2021-01-14 21:00:58', 6, 127),
(343, '2021-01-14 21:01:43', 6, 127),
(344, '2021-01-14 21:01:59', 6, 127),
(345, '2021-01-14 21:02:17', 6, 126),
(346, '2021-01-14 21:53:07', 6, 126),
(347, '2021-01-14 21:54:01', 6, 126),
(348, '2021-01-14 21:55:22', 6, 126),
(349, '2021-01-14 21:55:43', 6, 126),
(350, '2021-01-14 21:55:56', 6, 126),
(351, '2021-01-14 21:56:38', 6, 126),
(352, '2021-01-14 21:56:50', 6, 126),
(353, '2021-01-14 21:57:19', 6, 126),
(354, '2021-01-14 21:57:28', 6, 126),
(355, '2021-01-14 21:58:16', 6, 126),
(359, '2021-01-14 22:00:19', 6, 126),
(360, '2021-01-14 22:00:58', 6, 126),
(361, '2021-01-14 22:02:09', 6, 126),
(362, '2021-01-14 22:02:42', 6, 126),
(363, '2021-01-14 22:07:19', 6, 126),
(364, '2021-01-14 22:07:31', 6, 126),
(365, '2021-01-14 22:07:40', 6, 126),
(366, '2021-01-14 22:08:08', 6, 126),
(367, '2021-01-14 22:08:52', 6, 126),
(368, '2021-01-14 22:09:07', 6, 126),
(369, '2021-01-14 22:09:22', 6, 126),
(370, '2021-01-14 22:10:11', 6, 126),
(371, '2021-01-14 22:12:29', 6, 126),
(372, '2021-01-14 22:12:54', 6, 126),
(373, '2021-01-14 22:13:37', 6, 126),
(374, '2021-01-14 22:14:29', 6, 126),
(375, '2021-01-14 22:41:13', 6, 126),
(376, '2021-01-14 22:46:27', 6, 126),
(377, '2021-01-14 22:53:44', 6, 126),
(378, '2021-01-14 22:54:01', 6, 126),
(379, '2021-01-14 22:54:29', 6, 126),
(380, '2021-01-14 23:00:24', 6, 126),
(381, '2021-01-14 23:03:46', 6, 126),
(382, '2021-01-14 23:03:59', 6, 126),
(383, '2021-01-14 23:04:08', 6, 126),
(384, '2021-01-14 23:04:53', 6, 126),
(385, '2021-01-14 23:05:29', 6, 126),
(386, '2021-01-14 23:06:25', 6, 126),
(387, '2021-01-14 23:06:30', 6, 126),
(388, '2021-01-14 23:07:05', 6, 126),
(389, '2021-01-14 23:08:00', 6, 126),
(390, '2021-01-14 23:08:25', 6, 126),
(391, '2021-01-14 23:08:32', 6, 126),
(392, '2021-01-14 23:08:56', 6, 126),
(393, '2021-01-14 23:09:51', 6, 126),
(394, '2021-01-14 23:10:11', 6, 126),
(395, '2021-01-14 23:10:33', 6, 126),
(396, '2021-01-14 23:10:49', 6, 126),
(397, '2021-01-14 23:11:07', 6, 126),
(398, '2021-01-14 23:11:35', 6, 126),
(399, '2021-01-14 23:11:37', 6, 126),
(400, '2021-01-14 23:11:49', 6, 126),
(401, '2021-01-14 23:11:56', 6, 126),
(402, '2021-01-14 23:12:23', 6, 126),
(403, '2021-01-14 23:12:42', 6, 126),
(404, '2021-01-14 23:12:51', 6, 126),
(405, '2021-01-14 23:13:06', 6, 126),
(406, '2021-01-14 23:13:13', 6, 126),
(407, '2021-01-14 23:13:19', 6, 126),
(408, '2021-01-14 23:13:30', 6, 126),
(409, '2021-01-14 23:13:36', 6, 126),
(410, '2021-01-14 23:16:45', 6, 126),
(411, '2021-01-14 23:19:51', 6, 126),
(412, '2021-01-14 23:22:01', 6, 126),
(413, '2021-01-14 23:22:10', 6, 126),
(414, '2021-01-14 23:22:18', 6, 126),
(415, '2021-01-14 23:23:07', 6, 126),
(416, '2021-01-14 23:23:13', 6, 126),
(417, '2021-01-14 23:23:20', 6, 126),
(418, '2021-01-14 23:23:25', 6, 126),
(419, '2021-01-14 23:26:45', 6, 126),
(420, '2021-01-14 23:28:32', 6, 125),
(421, '2021-01-14 23:28:45', 6, 125),
(422, '2021-01-14 23:32:21', 6, 125),
(423, '2021-01-14 23:32:43', 6, 125),
(424, '2021-01-14 23:33:26', 6, 125),
(425, '2021-01-14 23:33:30', 6, 125),
(426, '2021-01-14 23:37:38', 6, 125),
(427, '2021-01-14 23:38:34', 6, 124),
(428, '2021-01-14 23:43:46', 6, 124),
(429, '2021-01-14 23:43:50', 6, 123),
(430, '2021-01-15 00:02:15', 6, 126),
(431, '2021-01-15 00:06:22', 6, 128),
(432, '2021-01-15 00:06:46', 6, 128),
(433, '2021-01-15 00:07:00', 6, 126),
(434, '2021-01-15 00:07:31', 6, 126),
(435, '2021-01-15 00:07:47', 6, 126),
(436, '2021-01-15 00:08:02', 6, 126),
(437, '2021-01-15 00:08:38', 6, 126),
(438, '2021-01-15 00:09:48', 6, 126),
(439, '2021-01-15 00:10:20', 6, 120),
(440, '2021-01-15 00:10:57', 6, 121),
(441, '2021-01-15 00:11:23', 6, 121),
(442, '2021-01-15 00:11:26', 6, 122),
(443, '2021-01-15 00:11:52', 6, 123),
(444, '2021-01-15 00:12:00', 6, 124),
(445, '2021-01-15 00:12:05', 6, 119),
(446, '2021-01-15 00:12:45', 6, 118),
(447, '2021-01-15 00:12:55', 6, 118),
(448, '2021-01-15 00:12:59', 6, 117),
(449, '2021-01-15 00:13:13', 6, 116),
(450, '2021-01-15 00:13:22', 6, 116),
(451, '2021-01-15 00:14:20', 6, 115),
(452, '2021-01-15 00:14:33', 6, 115),
(453, '2021-01-15 00:14:44', 6, 115),
(454, '2021-01-15 00:14:46', 6, 115),
(455, '2021-01-15 00:14:54', 6, 115),
(456, '2021-01-15 00:15:16', 6, 115),
(457, '2021-01-15 00:29:11', 6, 113),
(458, '2021-01-15 00:29:18', 6, 113),
(459, '2021-01-15 00:30:24', 6, 1),
(460, '2021-01-15 00:30:32', 6, 1),
(461, '2021-01-15 00:33:45', 6, 2),
(462, '2021-01-15 00:33:52', 6, 2),
(463, '2021-01-15 08:22:37', 6, 2),
(464, '2021-01-15 08:35:27', 6, 3),
(465, '2021-01-15 08:35:35', 6, 3),
(466, '2021-01-15 08:36:00', 6, 3),
(467, '2021-01-15 08:39:32', 6, 3),
(468, '2021-01-15 08:39:46', 6, 3),
(469, '2021-01-15 08:40:59', 6, 3),
(470, '2021-01-15 08:41:19', 6, 3),
(471, '2021-01-15 08:41:23', 6, 3),
(472, '2021-01-15 08:42:39', 6, 3),
(473, '2021-01-15 08:42:46', 6, 126),
(474, '2021-01-15 08:43:46', 6, 126),
(475, '2021-01-15 08:43:54', 6, 126),
(478, '2021-01-15 08:59:59', 6, 126),
(479, '2021-01-15 09:02:35', 6, 126),
(480, '2021-01-15 09:02:40', 6, 126),
(481, '2021-01-15 09:03:02', 6, 126),
(482, '2021-01-15 09:09:15', 6, 1),
(483, '2021-01-15 09:09:18', 6, 126),
(484, '2021-01-15 09:10:34', 6, 126),
(485, '2021-01-15 09:14:08', 6, 126),
(486, '2021-01-15 09:16:14', 6, 126),
(487, '2021-01-15 09:16:25', 6, 126),
(488, '2021-01-15 09:22:04', 6, 126),
(489, '2021-01-15 09:24:58', 6, 126),
(490, '2021-01-15 09:25:02', 6, 126),
(491, '2021-01-15 09:25:43', 6, 126),
(492, '2021-01-15 09:25:57', 6, 126),
(493, '2021-01-15 09:26:33', 6, 126),
(494, '2021-01-15 09:26:43', 6, 126),
(495, '2021-01-15 09:28:49', 6, 126),
(496, '2021-01-15 09:39:10', 6, 129),
(497, '2021-01-15 10:11:45', 6, 456),
(498, '2021-01-15 10:12:35', 6, 98),
(499, '2021-01-15 10:47:31', 6, 99),
(500, '2021-01-15 11:09:47', 6, 8),
(501, '2021-01-15 11:11:31', 6, 99),
(502, '2021-01-15 12:15:43', 6, 99),
(503, '2021-01-15 12:39:12', 6, 99),
(504, '2021-01-15 14:19:23', 6, 127),
(505, '2021-01-15 15:01:18', 6, 126),
(506, '2021-01-15 15:01:35', 6, 99),
(507, '2021-01-15 15:17:55', 6, 99),
(508, '2021-01-15 15:18:46', 6, 99),
(509, '2021-01-15 15:35:34', 6, 99),
(510, '2021-01-15 15:36:26', 6, 99),
(511, '2021-01-15 15:36:32', 6, 99),
(512, '2021-01-15 15:50:49', 6, 99),
(513, '2021-01-15 15:54:05', 6, 99),
(514, '2021-01-15 15:54:56', 6, 99),
(515, '2021-01-15 15:55:57', 6, 99),
(516, '2021-01-15 15:58:58', 6, 99),
(517, '2021-01-15 16:01:13', 6, 99),
(518, '2021-01-15 16:01:21', 6, 99),
(519, '2021-01-15 16:05:00', 6, 99),
(520, '2021-01-15 16:05:07', 6, 99),
(521, '2021-01-15 16:05:10', 6, 99),
(522, '2021-01-15 16:05:26', 6, 99),
(523, '2021-01-15 16:08:54', 6, 99),
(524, '2021-01-15 16:10:44', 6, 99),
(525, '2021-01-15 16:34:30', 6, 99),
(526, '2021-01-15 16:35:28', 6, 99),
(527, '2021-01-15 16:39:55', 6, 99),
(528, '2021-01-15 16:40:12', 6, 99),
(529, '2021-01-15 16:40:36', 6, 99),
(530, '2021-01-15 16:40:41', 6, 99),
(531, '2021-01-15 16:40:45', 6, 99),
(532, '2021-01-15 16:55:15', 6, 100),
(533, '2021-01-15 21:10:19', 6, 126),
(534, '2021-01-15 22:14:20', 6, 126),
(535, '2021-01-15 22:14:25', 6, 120),
(536, '2021-01-15 22:14:29', 6, 130),
(537, '2021-01-15 22:15:15', 6, 130),
(538, '2021-01-15 22:15:20', 6, 131),
(539, '2021-01-15 22:16:57', 6, 131),
(540, '2021-01-15 22:16:58', 6, 131),
(541, '2021-01-20 21:20:28', 6, 1),
(542, '2021-01-20 21:21:42', 6, 1),
(543, '2021-01-20 21:48:58', 6, 1),
(544, '2021-01-20 21:52:03', 6, 1),
(545, '2021-01-20 21:52:15', 6, 1),
(546, '2021-01-20 22:01:37', 6, 1),
(547, '2021-01-20 22:18:11', 6, 1),
(548, '2021-01-20 22:29:39', 6, 1),
(549, '2021-01-20 22:30:11', 6, 1),
(550, '2021-01-20 22:31:37', 6, 1),
(551, '2021-01-20 22:58:14', 6, 1),
(552, '2021-01-20 22:58:24', 6, 1),
(553, '2021-01-20 22:58:57', 6, 1),
(554, '2021-01-20 22:59:17', 6, 1),
(555, '2021-01-20 22:59:49', 6, 1),
(556, '2021-01-20 23:00:04', 6, 1),
(557, '2021-01-20 23:00:22', 6, 1),
(558, '2021-01-20 23:00:43', 6, 1),
(559, '2021-01-20 23:00:45', 6, 5),
(560, '2021-01-20 23:01:31', 6, 5),
(561, '2021-01-20 23:01:39', 6, 8),
(562, '2021-01-20 23:08:08', 6, 8),
(563, '2021-01-22 22:15:53', 6, 2),
(564, '2021-01-23 09:50:11', 6, 1),
(565, '2021-01-23 10:36:13', 6, 5),
(566, '2021-01-23 12:01:35', 6, 126),
(567, '2021-01-23 12:01:48', 6, 126),
(568, '2021-01-23 12:01:52', 6, 126),
(569, '2021-01-23 13:20:12', 6, 126),
(570, '2021-01-23 13:21:03', 6, 126),
(571, '2021-01-23 13:21:09', 6, 126),
(572, '2021-01-23 13:21:39', 6, 126),
(573, '2021-01-23 14:58:04', 6, 1),
(574, '2021-01-23 14:58:23', 6, 1),
(575, '2021-01-23 14:58:27', 6, 11),
(576, '2021-01-23 14:59:01', 6, 10),
(577, '2021-01-23 14:59:07', 6, 124),
(578, '2021-01-23 14:59:24', 6, 129),
(579, '2021-01-23 14:59:31', 6, 126),
(580, '2021-01-23 15:19:36', 6, 11),
(581, '2021-01-23 15:33:22', 6, 1),
(582, '2021-01-23 15:43:25', 6, 1),
(583, '2021-01-23 15:44:26', 6, 1),
(584, '2021-01-23 15:54:41', 6, 99),
(585, '2021-01-23 17:13:19', 6, 99),
(586, '2021-01-23 17:13:49', 6, 99),
(587, '2021-01-23 17:17:26', 6, 99),
(588, '2021-01-23 17:18:29', 6, 99),
(589, '2021-01-23 17:18:47', 6, 99),
(590, '2021-01-23 17:19:14', 6, 99),
(591, '2021-01-25 23:31:22', 6, 1),
(592, '2021-01-28 15:21:15', 6, 1),
(593, '2021-01-28 15:22:48', 6, 1),
(594, '2021-01-28 15:23:05', 6, 1),
(595, '2021-01-28 15:23:27', 6, 1),
(596, '2021-01-28 15:25:06', 6, 8),
(597, '2021-01-28 16:49:03', 6, 76),
(598, '2021-01-28 16:50:05', 6, 1),
(599, '2021-01-28 16:51:25', 6, 1),
(600, '2021-01-28 16:51:29', 6, 1),
(601, '2021-01-28 16:59:48', 6, 1),
(602, '2021-01-28 16:59:53', 6, 1),
(603, '2021-01-28 16:59:55', 6, 1),
(604, '2021-01-28 17:00:04', 6, 1),
(605, '2021-01-28 17:00:09', 6, 1),
(606, '2021-01-28 17:13:30', 6, 1),
(607, '2021-01-28 17:15:08', 6, 1),
(608, '2021-01-28 17:15:15', 6, 1),
(609, '2021-01-28 17:15:19', 6, 1),
(610, '2021-01-28 17:15:23', 6, 1),
(611, '2021-01-28 17:16:07', 6, 1),
(612, '2021-01-28 17:17:52', 6, 1),
(613, '2021-01-28 17:18:13', 6, 1),
(614, '2021-01-28 17:21:32', 6, 1),
(615, '2021-01-28 17:21:42', 6, 1),
(616, '2021-01-28 17:22:04', 6, 1),
(617, '2021-01-28 17:44:39', 6, 1),
(618, '2021-01-28 17:45:14', 6, 1),
(619, '2021-01-28 17:46:46', 6, 1),
(620, '2021-01-28 17:47:41', 6, 1),
(621, '2021-01-28 17:49:24', 6, 1),
(622, '2021-01-28 17:50:23', 6, 1),
(623, '2021-01-28 17:51:26', 6, 15),
(624, '2021-01-28 19:35:09', 6, 1),
(625, '2021-01-28 19:39:00', 6, 1),
(626, '2021-01-28 19:43:07', 6, 1),
(627, '2021-01-29 01:10:33', 6, 1),
(628, '2021-01-29 01:15:19', 6, 1),
(629, '2021-01-29 01:15:19', 6, 1),
(630, '2021-01-29 01:17:13', 6, 1),
(631, '2021-01-29 01:17:13', 6, 1),
(632, '2021-01-29 01:17:33', 6, 1),
(633, '2021-01-29 01:17:34', 6, 1),
(634, '2021-01-29 01:17:38', 6, 1),
(635, '2021-01-29 01:17:39', 6, 1),
(636, '2021-01-29 01:17:54', 6, 1),
(637, '2021-01-29 01:17:55', 6, 1),
(638, '2021-01-29 01:18:18', 6, 1),
(639, '2021-01-29 01:18:19', 6, 1),
(640, '2021-01-29 01:18:23', 6, 1),
(641, '2021-01-29 01:18:24', 6, 1),
(642, '2021-01-29 01:18:50', 6, 1),
(643, '2021-01-29 01:18:51', 6, 1),
(644, '2021-01-29 01:19:06', 6, 1),
(645, '2021-01-29 01:19:07', 6, 1),
(646, '2021-01-29 01:19:13', 6, 1),
(647, '2021-01-29 01:19:14', 6, 1),
(648, '2021-01-29 01:19:35', 6, 1),
(649, '2021-01-29 01:19:36', 6, 1),
(650, '2021-01-29 01:19:52', 6, 1),
(651, '2021-01-29 01:19:53', 6, 1),
(652, '2021-01-29 01:20:56', 6, 1),
(653, '2021-01-29 01:22:07', 6, 1),
(654, '2021-01-29 01:22:42', 6, 1),
(655, '2021-01-29 01:22:53', 6, 1),
(656, '2021-01-29 01:23:02', 6, 1),
(657, '2021-01-29 01:23:15', 6, 1),
(658, '2021-01-29 01:23:50', 6, 1),
(659, '2021-01-29 01:24:02', 6, 1),
(660, '2021-01-29 01:24:31', 6, 1),
(661, '2021-01-29 01:24:36', 6, 2),
(662, '2021-01-29 01:24:54', 6, 2),
(663, '2021-01-29 01:25:52', 6, 2),
(664, '2021-01-29 01:26:23', 6, 2),
(665, '2021-01-29 01:26:28', 6, 3),
(666, '2021-01-29 01:26:31', 6, 4),
(667, '2021-01-29 01:27:50', 6, 4),
(668, '2021-01-29 01:28:00', 6, 4),
(669, '2021-01-29 01:28:08', 6, 1),
(670, '2021-01-29 01:28:20', 6, 1),
(671, '2021-01-29 01:28:45', 6, 1),
(672, '2021-01-29 01:28:54', 6, 8),
(673, '2021-01-29 01:29:01', 6, 1),
(674, '2021-01-29 01:31:53', 6, 1),
(675, '2021-01-29 01:31:54', 6, 1),
(676, '2021-01-29 01:34:41', 6, 1),
(677, '2021-01-29 01:34:47', 6, 1),
(678, '2021-01-29 01:35:31', 6, 1),
(679, '2021-01-29 01:35:39', 6, 1),
(680, '2021-01-29 01:35:44', 6, 1),
(681, '2021-01-29 01:39:44', 6, 1),
(682, '2021-01-29 01:39:52', 6, 1),
(683, '2021-01-29 01:40:53', 6, 1),
(684, '2021-01-29 01:41:18', 6, 1),
(685, '2021-01-29 01:41:41', 6, 1),
(686, '2021-01-29 01:42:18', 6, 1),
(687, '2021-01-29 01:43:59', 6, 1),
(688, '2021-01-29 01:46:49', 6, 1),
(689, '2021-01-29 01:46:52', 6, 3),
(690, '2021-01-29 01:46:54', 6, 4),
(691, '2021-01-29 01:47:13', 6, 4),
(692, '2021-01-29 01:48:09', 6, 4),
(693, '2021-01-29 01:48:12', 6, 1),
(694, '2021-01-29 01:48:30', 6, 1),
(695, '2021-01-29 01:48:36', 6, 1),
(696, '2021-01-29 01:50:09', 6, 1),
(697, '2021-01-29 01:50:58', 6, 1),
(698, '2021-01-29 01:51:38', 6, 1),
(699, '2021-01-29 01:54:10', 6, 1),
(700, '2021-01-29 01:54:27', 6, 1),
(701, '2021-01-29 01:54:40', 6, 1),
(702, '2021-01-29 01:54:57', 6, 1),
(703, '2021-01-29 01:55:09', 6, 5),
(704, '2021-01-29 01:55:12', 6, 1),
(705, '2021-01-29 01:56:16', 6, 1),
(706, '2021-01-29 01:56:19', 6, 5),
(707, '2021-01-29 01:56:22', 6, 4),
(708, '2021-01-29 01:56:34', 6, 4),
(709, '2021-01-29 01:56:55', 6, 4),
(710, '2021-01-29 01:56:59', 6, 1),
(711, '2021-01-29 01:57:01', 6, 4),
(712, '2021-01-29 01:57:22', 6, 4),
(713, '2021-01-29 01:57:25', 6, 5),
(714, '2021-01-29 01:57:37', 6, 5),
(715, '2021-01-29 01:57:41', 6, 5),
(716, '2021-01-29 01:57:54', 6, 5),
(717, '2021-01-29 01:58:00', 6, 5),
(718, '2021-01-29 01:58:14', 6, 1),
(719, '2021-01-29 02:01:57', 6, 1),
(720, '2021-01-29 02:02:33', 6, 1),
(721, '2021-01-29 02:02:47', 6, 1),
(722, '2021-01-29 03:48:17', 6, 1),
(723, '2021-01-29 04:29:46', 6, 99),
(724, '2021-01-29 04:41:42', 6, 99),
(725, '2021-01-29 04:43:12', 6, 99),
(726, '2021-01-29 04:43:58', 6, 99),
(727, '2021-01-29 04:44:18', 6, 99),
(728, '2021-01-29 04:44:23', 6, 99),
(729, '2021-01-29 04:44:29', 6, 99),
(730, '2021-01-29 04:45:09', 6, 99),
(731, '2021-01-29 04:46:15', 6, 99),
(732, '2021-01-29 04:46:46', 6, 99),
(733, '2021-01-29 04:47:35', 6, 99),
(734, '2021-01-29 04:47:43', 6, 99),
(735, '2021-01-29 04:47:57', 6, 99),
(736, '2021-01-29 04:48:23', 6, 99),
(737, '2021-01-29 04:49:15', 6, 99),
(738, '2021-01-29 04:49:44', 6, 99),
(739, '2021-01-29 04:50:00', 6, 99),
(740, '2021-01-29 04:50:05', 6, 99),
(741, '2021-01-29 04:50:56', 6, 99),
(742, '2021-01-29 04:51:28', 6, 99),
(743, '2021-01-29 04:55:48', 6, 99),
(744, '2021-01-29 04:56:35', 6, 99),
(745, '2021-01-29 04:57:50', 6, 99),
(746, '2021-01-29 04:58:10', 6, 99),
(747, '2021-01-29 04:58:25', 6, 99),
(748, '2021-01-29 04:59:24', 6, 99),
(749, '2021-01-29 04:59:29', 6, 99),
(750, '2021-01-29 04:59:32', 6, 99),
(751, '2021-01-29 04:59:45', 6, 99),
(752, '2021-01-29 05:00:58', 6, 99),
(753, '2021-01-29 05:01:55', 6, 99),
(754, '2021-01-29 08:58:24', 6, 99),
(755, '2021-01-29 08:59:39', 6, 99),
(756, '2021-01-29 09:00:53', 6, 99),
(757, '2021-01-29 09:02:36', 6, 99),
(758, '2021-01-29 09:02:51', 6, 99),
(759, '2021-01-29 09:03:11', 6, 99),
(760, '2021-01-29 09:03:17', 6, 99),
(761, '2021-01-29 09:03:26', 6, 99),
(762, '2021-01-29 09:03:37', 6, 99),
(763, '2021-01-29 09:04:35', 6, 99),
(764, '2021-01-29 09:08:31', 6, 99),
(765, '2021-01-29 09:08:49', 6, 99),
(766, '2021-01-29 09:09:02', 6, 100),
(767, '2021-01-29 09:18:49', 6, 100),
(768, '2021-01-29 09:21:33', 6, 100),
(769, '2021-01-29 09:22:20', 6, 100),
(770, '2021-01-29 09:22:24', 6, 101),
(771, '2021-01-29 09:22:35', 6, 101),
(772, '2021-01-29 09:22:37', 6, 102),
(773, '2021-01-29 09:22:48', 6, 102),
(774, '2021-01-29 09:22:51', 6, 103),
(775, '2021-01-29 09:26:11', 6, 99),
(776, '2021-01-29 09:26:16', 6, 104),
(777, '2021-01-29 09:26:36', 6, 104),
(778, '2021-01-29 09:26:45', 6, 104),
(779, '2021-01-29 10:23:20', 6, 99),
(780, '2021-01-29 11:24:40', 6, 40),
(781, '2021-01-29 11:48:45', 6, 40),
(782, '2021-01-29 15:57:49', 6, 8),
(783, '2021-01-29 16:56:54', 6, 1),
(784, '2021-01-29 16:57:04', 6, 1),
(785, '2021-01-29 16:57:13', 6, 17),
(786, '2021-01-29 16:57:23', 6, 17),
(787, '2021-01-30 21:33:08', 6, 3),
(788, '2021-01-30 21:47:27', 6, 1),
(789, '2021-01-31 14:51:07', 6, 10),
(790, '2021-01-31 14:51:22', 6, 10),
(791, '2021-01-31 14:53:05', 6, 10),
(792, '2021-01-31 14:56:00', 6, 69),
(793, '2021-01-31 15:02:06', 6, 69),
(794, '2021-01-31 15:03:09', 6, 70),
(795, '2021-01-31 15:03:13', 6, 70),
(796, '2021-01-31 15:03:56', 6, 71),
(797, '2021-01-31 15:04:55', 6, 7),
(798, '2021-01-31 15:04:59', 6, 7),
(799, '2021-01-31 15:05:06', 6, 7),
(800, '2021-01-31 15:06:38', 6, 7),
(801, '2021-01-31 15:06:52', 6, 7),
(802, '2021-01-31 15:07:30', 6, 7),
(803, '2021-01-31 15:13:33', 6, 7),
(804, '2021-01-31 15:13:56', 6, 7),
(807, '2021-01-31 15:15:16', 6, 7),
(808, '2021-01-31 15:20:05', 6, 7),
(809, '2021-01-31 15:28:56', 6, 7),
(810, '2021-01-31 15:30:35', 6, 7),
(811, '2021-01-31 15:31:06', 6, 7),
(812, '2021-01-31 15:31:23', 6, 7),
(813, '2021-02-04 08:51:10', 6, 5),
(814, '2021-02-04 08:51:42', 6, 5),
(815, '2021-02-04 08:53:33', 6, 5),
(816, '2021-02-04 08:55:33', 6, 1),
(817, '2021-02-04 09:02:46', 6, 1),
(818, '2021-02-04 09:03:02', 6, 1),
(819, '2021-02-04 09:03:17', 6, 1),
(820, '2021-02-04 09:03:29', 6, 1),
(821, '2021-02-04 09:15:26', 6, 1),
(822, '2021-02-04 09:17:04', 6, 1),
(823, '2021-02-04 09:17:07', 6, 41),
(824, '2021-02-04 09:17:09', 6, 1),
(825, '2021-02-04 09:17:11', 6, 31),
(826, '2021-02-04 09:17:16', 6, 1),
(827, '2021-02-04 09:19:36', 6, 1),
(828, '2021-02-04 09:19:38', 6, 27),
(829, '2021-02-04 09:19:44', 6, 1),
(830, '2021-02-04 09:23:41', 6, 1),
(831, '2021-02-04 09:37:12', 6, 1),
(832, '2021-02-04 09:38:33', 6, 1),
(833, '2021-02-04 09:39:05', 6, 1),
(834, '2021-02-04 09:39:58', 6, 1),
(835, '2021-02-04 09:42:32', 6, 72),
(836, '2021-02-04 09:42:42', 6, 72),
(837, '2021-02-04 10:04:01', 6, 72),
(838, '2021-02-04 10:10:21', 6, 72),
(839, '2021-02-04 10:10:58', 6, 72),
(840, '2021-02-04 10:11:59', 6, 71),
(841, '2021-02-04 10:12:04', 6, 70),
(842, '2021-02-04 10:12:08', 6, 79),
(843, '2021-02-04 10:12:19', 6, 79),
(844, '2021-02-04 10:12:52', 6, 80),
(845, '2021-02-04 10:13:03', 6, 80),
(846, '2021-02-04 10:13:34', 6, 81),
(847, '2021-02-04 10:13:43', 6, 81),
(849, '2021-02-04 10:17:11', 6, 80),
(850, '2021-02-04 10:23:20', 6, 80),
(851, '2021-02-04 10:23:36', 6, 80),
(852, '2021-02-04 10:24:22', 6, 80),
(853, '2021-02-04 10:24:35', 6, 80),
(854, '2021-02-04 10:26:26', 6, 80),
(855, '2021-02-04 10:26:40', 6, 80),
(856, '2021-02-04 10:27:26', 6, 80),
(857, '2021-02-04 10:28:37', 6, 80),
(858, '2021-02-04 10:29:19', 6, 80),
(859, '2021-02-04 10:29:29', 6, 80),
(860, '2021-02-04 10:29:38', 6, 80),
(861, '2021-02-04 10:29:41', 6, 80),
(862, '2021-02-04 11:10:55', 6, 1),
(865, '2021-02-04 11:12:17', 6, 126),
(866, '2021-02-04 11:12:45', 6, 1),
(867, '2021-02-04 11:12:57', 6, 1),
(868, '2021-02-04 11:13:38', 6, 1),
(870, '2021-02-04 11:13:44', 6, 1),
(873, '2021-02-04 11:15:13', 6, 1),
(875, '2021-02-04 11:48:23', 6, 99),
(876, '2021-02-04 13:13:11', 6, 1),
(877, '2021-02-04 13:15:06', 6, 1),
(878, '2021-02-04 13:17:44', 6, 99),
(879, '2021-02-04 13:30:50', 6, 2),
(880, '2021-02-04 13:30:52', 6, 9),
(881, '2021-02-04 13:32:13', 6, 9),
(882, '2021-02-04 13:32:14', 6, 9),
(883, '2021-02-04 13:32:54', 6, 9),
(884, '2021-02-04 13:33:47', 6, 19),
(885, '2021-02-04 13:34:29', 6, 19),
(886, '2021-02-04 13:34:32', 6, 22),
(887, '2021-02-04 13:40:46', 6, 1),
(888, '2021-02-04 13:40:49', 6, 99),
(889, '2021-02-04 13:43:40', 6, 1),
(890, '2021-02-04 13:52:41', 6, 80),
(891, '2021-02-04 13:52:56', 6, 1),
(892, '2021-02-04 13:53:16', 6, 7),
(893, '2021-02-04 13:55:54', 6, 8),
(894, '2021-02-04 13:56:29', 6, 81),
(895, '2021-02-04 13:56:55', 6, 81),
(896, '2021-02-04 13:56:59', 6, 82),
(897, '2021-02-04 13:57:22', 6, 82),
(898, '2021-02-04 14:00:14', 6, 8),
(899, '2021-02-04 15:30:23', 6, 126),
(900, '2021-02-04 15:50:00', 6, 1),
(901, '2021-02-04 16:04:05', 6, 3),
(902, '2021-02-04 16:04:09', 6, 3),
(903, '2021-02-04 17:25:23', 6, 1),
(904, '2021-02-04 17:25:41', 6, 1),
(905, '2021-02-04 17:26:46', 6, 1),
(906, '2021-02-04 17:26:51', 6, 1),
(907, '2021-02-04 17:26:59', 6, 1),
(908, '2021-02-04 17:27:48', 6, 1),
(909, '2021-02-04 17:27:52', 6, 1),
(910, '2021-02-04 17:27:57', 6, 1),
(911, '2021-02-04 17:28:12', 6, 1),
(912, '2021-02-04 17:28:36', 6, 3),
(913, '2021-02-04 17:29:35', 6, 3),
(914, '2021-02-04 17:29:38', 6, 3),
(915, '2021-02-04 17:30:11', 6, 3),
(916, '2021-02-04 17:30:21', 6, 3),
(917, '2021-02-04 17:30:23', 6, 3),
(918, '2021-02-04 17:30:38', 6, 3),
(919, '2021-02-04 17:30:44', 6, 3),
(920, '2021-02-04 17:32:03', 6, 3),
(921, '2021-02-04 18:13:37', 6, 3),
(922, '2021-02-04 18:58:29', 6, 1),
(923, '2021-02-04 19:18:51', 6, 1),
(924, '2021-02-04 19:18:56', 6, 159),
(925, '2021-02-04 19:19:01', 6, 160),
(926, '2021-02-04 19:19:07', 6, 244),
(927, '2021-02-04 19:19:57', 6, 245),
(928, '2021-02-04 19:36:20', 6, 1),
(929, '2021-02-04 19:39:14', 6, 1),
(930, '2021-02-04 19:48:51', 6, 1),
(931, '2021-02-04 19:52:43', 6, 126),
(932, '2021-02-04 19:56:22', 6, 1),
(933, '2021-02-04 19:56:24', 6, 126),
(935, '2021-02-05 10:04:34', 6, 1),
(936, '2021-02-05 10:20:45', 6, 102),
(937, '2021-02-05 10:20:47', 6, 111),
(938, '2021-02-05 10:20:49', 6, 111),
(939, '2021-02-05 10:21:37', 6, 111),
(940, '2021-02-05 10:22:07', 6, 111),
(941, '2021-02-05 10:22:43', 6, 111),
(942, '2021-02-05 10:22:53', 6, 111),
(943, '2021-02-05 10:23:07', 6, 111),
(944, '2021-02-05 10:23:11', 6, 188),
(945, '2021-02-05 10:29:10', 6, 111),
(946, '2021-02-05 10:29:44', 6, 111),
(947, '2021-02-05 10:30:17', 6, 111),
(948, '2021-02-05 10:30:42', 6, 111),
(949, '2021-02-05 10:31:07', 6, 111),
(950, '2021-02-05 10:31:15', 6, 111),
(951, '2021-02-05 10:31:20', 6, 111),
(952, '2021-02-05 10:31:30', 6, 111),
(953, '2021-02-05 11:55:18', 6, 1),
(954, '2021-02-05 11:59:21', 11, 99),
(955, '2021-02-05 11:59:44', 11, 80),
(956, '2021-02-05 12:15:28', 11, 1),
(957, '2021-02-05 12:34:09', 11, 9),
(958, '2021-02-05 12:34:10', 11, 16),
(959, '2021-02-05 13:33:57', 11, 1),
(960, '2021-02-05 13:40:38', 11, 1),
(961, '2021-02-05 13:55:22', 11, 80),
(962, '2021-02-05 13:56:01', 11, 127),
(963, '2021-02-05 16:28:16', 11, 80),
(964, '2021-02-05 16:28:18', 11, 100),
(965, '2021-02-05 16:28:19', 11, 78),
(966, '2021-02-05 16:28:19', 11, 36),
(967, '2021-02-05 18:17:19', 11, 5),
(968, '2021-02-05 18:17:27', 11, 5),
(969, '2021-02-05 18:17:31', 11, 5),
(970, '2021-02-05 18:53:06', 11, 126),
(971, '2021-02-05 19:03:56', 6, 99),
(972, '2021-02-05 19:08:01', 6, 99),
(973, '2021-02-05 19:09:57', 6, 126),
(974, '2021-02-05 20:13:50', 6, 99),
(975, '2021-02-05 20:23:26', 6, 98),
(976, '2021-02-05 20:23:28', 6, 99),
(977, '2021-02-05 20:35:31', 6, 98),
(978, '2021-02-05 20:35:34', 6, 40),
(979, '2021-02-05 20:35:39', 6, 33),
(980, '2021-02-05 20:35:45', 6, 99),
(981, '2021-02-05 20:51:23', 6, 97),
(982, '2021-02-05 20:51:27', 6, 30),
(983, '2021-02-05 20:51:37', 6, 78),
(984, '2021-02-05 20:51:42', 6, 41),
(985, '2021-02-05 20:51:54', 6, 41),
(986, '2021-02-05 20:51:56', 6, 41),
(987, '2021-02-05 20:52:56', 6, 89),
(988, '2021-02-05 20:53:01', 6, 89),
(989, '2021-02-05 20:53:06', 6, 96),
(990, '2021-02-05 20:53:12', 6, 87),
(991, '2021-02-05 20:53:18', 6, 87),
(992, '2021-02-05 20:54:16', 6, 78),
(993, '2021-02-05 20:54:24', 6, 84),
(994, '2021-02-05 20:55:47', 6, 27);

-- --------------------------------------------------------

--
-- Struttura della tabella `wishlists`
--

CREATE TABLE `wishlists` (
  `id` int(11) NOT NULL,
  `user_id` int(11) NOT NULL,
  `prod_id` int(11) NOT NULL
) ENGINE=InnoDB DEFAULT CHARSET=utf8mb4;

--
-- Dump dei dati per la tabella `wishlists`
--

INSERT INTO `wishlists` (`id`, `user_id`, `prod_id`) VALUES
(239, 6, 8),
(258, 6, 41),
(255, 11, 36),
(254, 11, 78),
(252, 11, 80),
(253, 11, 100),
(256, 11, 126);

--
-- Indici per le tabelle scaricate
--

--
-- Indici per le tabelle `cart`
--
ALTER TABLE `cart`
  ADD PRIMARY KEY (`id`),
  ADD UNIQUE KEY `user_id` (`user_id`,`prod_id`),
  ADD KEY `fk_prod_cart` (`prod_id`);

--
-- Indici per le tabelle `categories`
--
ALTER TABLE `categories`
  ADD PRIMARY KEY (`id`);

--
-- Indici per le tabelle `orders`
--
ALTER TABLE `orders`
  ADD PRIMARY KEY (`id`),
  ADD KEY `fk_order_id` (`user_id`);

--
-- Indici per le tabelle `orders_product`
--
ALTER TABLE `orders_product`
  ADD KEY `fk_order_orders` (`order_id`),
  ADD KEY `fk_prod_order` (`prod_id`);

--
-- Indici per le tabelle `products`
--
ALTER TABLE `products`
  ADD PRIMARY KEY (`id`),
  ADD KEY `fk_category_prod` (`category`),
  ADD KEY `fk_seller_prod` (`seller_id`);

--
-- Indici per le tabelle `reviews`
--
ALTER TABLE `reviews`
  ADD PRIMARY KEY (`id`),
  ADD UNIQUE KEY `user_id` (`user_id`,`prod_id`),
  ADD KEY `fk_prod_review` (`prod_id`);

--
-- Indici per le tabelle `sellers`
--
ALTER TABLE `sellers`
  ADD PRIMARY KEY (`id`),
  ADD UNIQUE KEY `name` (`name`,`surname`);

--
-- Indici per le tabelle `users`
--
ALTER TABLE `users`
  ADD PRIMARY KEY (`id`),
  ADD UNIQUE KEY `username` (`username`),
  ADD UNIQUE KEY `email` (`email`);

--
-- Indici per le tabelle `visited`
--
ALTER TABLE `visited`
  ADD PRIMARY KEY (`id`),
  ADD KEY `fk_user_visited` (`user_id`),
  ADD KEY `fk_prod_visited` (`prod_id`);

--
-- Indici per le tabelle `wishlists`
--
ALTER TABLE `wishlists`
  ADD PRIMARY KEY (`id`),
  ADD UNIQUE KEY `user_id` (`user_id`,`prod_id`),
  ADD KEY `fk_prod_wish` (`prod_id`);

--
-- AUTO_INCREMENT per le tabelle scaricate
--

--
-- AUTO_INCREMENT per la tabella `cart`
--
ALTER TABLE `cart`
  MODIFY `id` int(11) NOT NULL AUTO_INCREMENT, AUTO_INCREMENT=157;

--
-- AUTO_INCREMENT per la tabella `categories`
--
ALTER TABLE `categories`
  MODIFY `id` int(11) NOT NULL AUTO_INCREMENT, AUTO_INCREMENT=11;

--
-- AUTO_INCREMENT per la tabella `products`
--
ALTER TABLE `products`
  MODIFY `id` int(11) NOT NULL AUTO_INCREMENT, AUTO_INCREMENT=575;

--
-- AUTO_INCREMENT per la tabella `reviews`
--
ALTER TABLE `reviews`
  MODIFY `id` int(11) NOT NULL AUTO_INCREMENT, AUTO_INCREMENT=141;

--
-- AUTO_INCREMENT per la tabella `sellers`
--
ALTER TABLE `sellers`
  MODIFY `id` int(11) NOT NULL AUTO_INCREMENT, AUTO_INCREMENT=11;

--
-- AUTO_INCREMENT per la tabella `users`
--
ALTER TABLE `users`
  MODIFY `id` int(11) NOT NULL AUTO_INCREMENT, AUTO_INCREMENT=12;

--
-- AUTO_INCREMENT per la tabella `visited`
--
ALTER TABLE `visited`
  MODIFY `id` int(11) NOT NULL AUTO_INCREMENT, AUTO_INCREMENT=995;

--
-- AUTO_INCREMENT per la tabella `wishlists`
--
ALTER TABLE `wishlists`
  MODIFY `id` int(11) NOT NULL AUTO_INCREMENT, AUTO_INCREMENT=259;

--
-- Limiti per le tabelle scaricate
--

--
-- Limiti per la tabella `cart`
--
ALTER TABLE `cart`
  ADD CONSTRAINT `fk_prod_cart` FOREIGN KEY (`prod_id`) REFERENCES `products` (`id`) ON DELETE CASCADE ON UPDATE CASCADE,
  ADD CONSTRAINT `fk_user_cart` FOREIGN KEY (`user_id`) REFERENCES `users` (`id`) ON DELETE CASCADE ON UPDATE CASCADE;

--
-- Limiti per la tabella `orders`
--
ALTER TABLE `orders`
  ADD CONSTRAINT `fk_order_id` FOREIGN KEY (`user_id`) REFERENCES `users` (`id`);

--
-- Limiti per la tabella `orders_product`
--
ALTER TABLE `orders_product`
  ADD CONSTRAINT `fk_order_orders` FOREIGN KEY (`order_id`) REFERENCES `orders` (`id`) ON DELETE CASCADE ON UPDATE CASCADE,
  ADD CONSTRAINT `fk_prod_order` FOREIGN KEY (`prod_id`) REFERENCES `products` (`id`) ON DELETE NO ACTION ON UPDATE CASCADE;

--
-- Limiti per la tabella `products`
--
ALTER TABLE `products`
  ADD CONSTRAINT `fk_category_prod` FOREIGN KEY (`category`) REFERENCES `categories` (`id`),
  ADD CONSTRAINT `fk_seller_prod` FOREIGN KEY (`seller_id`) REFERENCES `sellers` (`id`);

--
-- Limiti per la tabella `reviews`
--
ALTER TABLE `reviews`
  ADD CONSTRAINT `fk_prod_review` FOREIGN KEY (`prod_id`) REFERENCES `products` (`id`) ON DELETE CASCADE ON UPDATE CASCADE,
  ADD CONSTRAINT `fk_user_review` FOREIGN KEY (`user_id`) REFERENCES `users` (`id`) ON DELETE CASCADE ON UPDATE CASCADE;

--
-- Limiti per la tabella `visited`
--
ALTER TABLE `visited`
  ADD CONSTRAINT `fk_prod_visited` FOREIGN KEY (`prod_id`) REFERENCES `products` (`id`),
  ADD CONSTRAINT `fk_user_visited` FOREIGN KEY (`user_id`) REFERENCES `users` (`id`) ON DELETE CASCADE ON UPDATE CASCADE;

--
-- Limiti per la tabella `wishlists`
--
ALTER TABLE `wishlists`
  ADD CONSTRAINT `fk_prod_wish` FOREIGN KEY (`prod_id`) REFERENCES `products` (`id`) ON DELETE CASCADE ON UPDATE CASCADE,
  ADD CONSTRAINT `fk_user_wish` FOREIGN KEY (`user_id`) REFERENCES `users` (`id`) ON DELETE CASCADE ON UPDATE CASCADE;
COMMIT;

/*!40101 SET CHARACTER_SET_CLIENT=@OLD_CHARACTER_SET_CLIENT */;
/*!40101 SET CHARACTER_SET_RESULTS=@OLD_CHARACTER_SET_RESULTS */;
/*!40101 SET COLLATION_CONNECTION=@OLD_COLLATION_CONNECTION */;
